anime_id,name,genre,type,episodes,rating,members,rating_10,rating_100,rating_1000
2214,Black Jack 21,"Action, Drama",TV,17,7.77,6063,7.77,108.376162484924,777
20115,Gekisou! Rubenkaiser,"Cars, Shounen, Sports",TV,17,7.17,107,7.17,105.115347332001,717
33226,Kotowaza Gundam-san,"Comedy, Mecha, Parody",ONA,17,6.13,200,6.13,86.8402366783187,613
8670,Pozzie,Kids,Special,17,6.73,82,6.73,93.0929210791704,673
33933,Yasamura Yasashi no Yasashii Sekai,Comedy,TV,17,4.44,369,4.44,58.0325503403094,444
