anime_id,name,genre,type,episodes,rating,members,rating_10,rating_100,rating_1000
3665,Ginga Eiyuu Densetsu Gaiden: Rasen Meikyuu,"Drama, Military, Sci-Fi, Space",OVA,28,8.1,7712,8.1,113.183717572258,810
3827,Ore wa Teppei,"Action, Shounen, Sports",TV,28,6.77,532,6.77,93.7847932192925,677
8812,Alice SOS,Adventure,TV,28,6.35,734,6.35,86.6052495013327,635
1947,Kikou Sennyo Rouran,"Action, Fantasy, Mecha",TV,28,6.08,1049,6.08,86.2122655819767,608
27393,Kyuumei Senshi Nanosaver,"Adventure, Shounen",TV,28,5.75,62,5.75,77.1269278496916,575
6727,Mechakko Dotakon,"Comedy, Sci-Fi",TV,28,6.36,125,6.36,87.5340601275741,636
9522,Zero Tester: Chikyuu wo Mamore!,"Action, Adventure, Mecha, Sci-Fi",TV,28,5.23,137,5.23,74.177799398828,523
