anime_id,name,genre,type,episodes,rating,members,rating_10,rating_100,rating_1000
30276,One Punch Man,"Action, Comedy, Parody, Sci-Fi, Seinen, Super Power, Supernatural",TV,12,8.82,552458,8.82,120.009687967519,882
11741,Fate/Zero 2nd Season,"Action, Fantasy, Supernatural, Thriller",TV,12,8.73,340973,8.73,123.776970455205,873
31043,Boku dake ga Inai Machi,"Mystery, Psychological, Seinen, Supernatural",TV,12,8.65,402381,8.65,117.582408398128,865
32995,Yuri!!! on Ice,"Comedy, Sports",TV,12,8.61,103178,8.61,120.309109482449,861
32182,Mob Psycho 100,"Action, Comedy, Slice of Life, Supernatural",TV,12,8.55,193716,8.55,121.779611683399,855
9756,Mahou Shoujo Madoka★Magica,"Drama, Magic, Psychological, Thriller",TV,12,8.51,462974,8.51,116.501034903647,851
22789,Barakamon,"Comedy, Slice of Life",TV,12,8.5,225927,8.5,121.665139516558,850
6594,Katanagatari,"Action, Adventure, Historical, Martial Arts, Romance",TV,12,8.49,207241,8.49,122.218582951753,849
2246,Mononoke,"Demons, Fantasy, Historical, Horror, Mystery, Seinen, Supernatural",TV,12,8.49,88850,8.49,118.73583254777,849
12531,Sakamichi no Apollon,"Drama, Josei, Music, Romance, School",TV,12,8.48,146592,8.48,123.090734944415,848
19815,No Game No Life,"Adventure, Comedy, Ecchi, Fantasy, Game, Supernatural",TV,12,8.47,602291,8.47,121.18351615391,847
5341,Ookami to Koushinryou II,"Adventure, Fantasy, Historical, Romance",TV,12,8.46,210491,8.46,120.458787333795,846
31181,Owarimonogatari,"Comedy, Mystery, Supernatural",TV,12,8.43,107855,8.43,117.248362598161,843
22297,Fate/stay night: Unlimited Blade Works,"Action, Fantasy, Magic, Shounen, Supernatural",TV,12,8.42,267484,8.42,123.892453210127,842
32867,Bungou Stray Dogs 2nd Season,"Mystery, Seinen, Supernatural",TV,12,8.39,83641,8.39,111.695112609529,839
1142,Hachimitsu to Clover II,"Drama, Josei, Romance",TV,12,8.37,61493,8.37,115.096905853231,837
11843,Danshi Koukousei no Nichijou,"Comedy, School, Shounen, Slice of Life",TV,12,8.35,258914,8.35,114.162219413107,835
28223,Death Parade,"Drama, Game, Mystery, Psychological, Thriller",TV,12,8.33,383914,8.33,116.846524910097,833
11123,Sekaiichi Hatsukoi 2,"Comedy, Drama, Romance, Shounen Ai",TV,12,8.31,69253,8.31,118.929808484255,831
1519,Black Lagoon: The Second Barrage,"Action, Seinen",TV,12,8.3,203233,8.3,119.629881727638,830
16706,Kami nomi zo Shiru Sekai: Megami-hen,"Comedy, Harem, Romance, Shounen, Supernatural",TV,12,8.3,142612,8.3,118.409381583327,830
3701,Kaiba,"Adventure, Mystery, Romance, Sci-Fi",TV,12,8.29,56927,8.29,116.1231749732,829
25681,Kamisama Hajimemashita◎,"Comedy, Demons, Fantasy, Romance, Shoujo, Supernatural",TV,12,8.28,91796,8.28,110.713365176388,828
3702,Detroit Metal City,"Comedy, Music",OVA,12,8.26,104893,8.26,120.005727928952,826
23623,Non Non Biyori Repeat,"Comedy, School, Seinen, Slice of Life",TV,12,8.26,64230,8.26,112.454476952183,826
23289,Gekkan Shoujo Nozaki-kun,"Comedy, Romance, School",TV,12,8.24,292622,8.24,109.975960145016,824
4814,Junjou Romantica 2,"Comedy, Drama, Romance, Shounen Ai",TV,12,8.24,87617,8.24,117.344508059318,824
27833,Durarara!!x2 Ketsu,"Action, Mystery, Supernatural",TV,12,8.23,115295,8.23,113.149457561007,823
72,Full Metal Panic? Fumoffu,"Action, Comedy, School",TV,12,8.21,171086,8.21,112.131175403456,821
4789,ef: A Tale of Melodies.,"Drama, Mystery, Romance, Supernatural",TV,12,8.18,103657,8.18,115.599821670775,818
889,Black Lagoon,"Action, Seinen",TV,12,8.17,332562,8.17,111.099312502479,817
9656,Kimi ni Todoke 2nd Season,"Romance, School, Shoujo, Slice of Life",TV,12,8.17,171866,8.17,116.674719178749,817
20507,Noragami,"Action, Adventure, Shounen, Supernatural",TV,12,8.17,515378,8.17,113.50542312044,817
25649,Junjou Romantica 3,"Comedy, Drama, Romance, Shounen Ai",TV,12,8.16,39866,8.16,110.384303498727,816
23199,Durarara!!x2 Shou,"Action, Mystery, Supernatural",TV,12,8.15,189407,8.15,117.287524166066,815
9926,Sekaiichi Hatsukoi,"Comedy, Drama, Romance, Shounen Ai",TV,12,8.15,94820,8.15,113.802822385919,815
31173,Akagami no Shirayuki-hime 2nd Season,"Drama, Fantasy, Romance, Shoujo",TV,12,8.14,80862,8.14,116.366697635665,814
81,Mobile Suit Gundam: The 08th MS Team,"Adventure, Drama, Mecha, Military, Romance, Sci-Fi",OVA,12,8.13,34177,8.13,111.41882707464,813
27831,Durarara!!x2 Ten,"Action, Mystery, Supernatural",TV,12,8.12,132506,8.12,117.76727069342,812
2924,ef: A Tale of Memories.,"Drama, Mystery, Romance",TV,12,8.12,151106,8.12,108.865652541597,812
10080,Kami nomi zo Shiru Sekai II,"Comedy, Harem, Romance, Shounen, Supernatural",TV,12,8.12,194300,8.12,109.36488461803,812
32093,Tanaka-kun wa Itsumo Kedaruge,"Comedy, School, Slice of Life",TV,12,8.1,101335,8.1,113.276430939106,810
32613,Elsword: El Lady,"Action, Fantasy",ONA,12,8.11,3846,8.11,111.054489892089,811
3092,Junjou Romantica,"Comedy, Drama, Romance, Shounen Ai",TV,12,8.08,117910,8.08,115.650936310004,808
22319,Tokyo Ghoul,"Action, Drama, Horror, Mystery, Psychological, Seinen, Supernatural",TV,12,8.07,618056,8.07,110.976932444367,807
17549,Non Non Biyori,"Comedy, School, Seinen, Slice of Life",TV,12,8.05,133475,8.05,115.484136264666,805
13331,Jormungand: Perfect Order,"Action, Adventure, Seinen",TV,12,8.04,81951,8.04,110.503550520432,804
30279,Yuru Yuri San☆Hai!,"Comedy, School, Shoujo Ai, Slice of Life",TV,12,8.04,44335,8.04,108.799918318424,804
2035,Eikoku Koi Monogatari Emma: Molders-hen,"Drama, Historical, Romance, Seinen, Slice of Life",TV,12,8.03,11903,8.03,112.979617443968,803
30240,Prison School,"Comedy, Ecchi, Romance, School, Seinen",TV,12,8.03,227734,8.03,113.110724794267,803
2605,Sayonara Zetsubou Sensei,"Comedy, Parody, School",TV,12,8.03,174531,8.03,117.770808811353,803
8310,Magic Kaito,"Adventure, Comedy, Romance, Shounen",Special,12,8.02,27274,8.02,116.009458135917,802
10012,Carnival Phantasm,"Comedy, Parody, Supernatural",OVA,12,8.01,71976,8.01,113.575058284631,801
29787,Gochuumon wa Usagi Desu ka??,"Comedy, Slice of Life",TV,12,8.01,38102,8.01,111.175523650917,801
7062,Hidamari Sketch x ☆☆☆,"Comedy, School, Slice of Life",TV,12,8.01,15748,8.01,110.015247789434,801
11239,Hidamari Sketch x Honeycomb,"Comedy, School, Slice of Life",TV,12,7.99,12590,7.99,108.918747883607,799
28907,"Gate: Jieitai Kanochi nite, Kaku Tatakaeri","Action, Adventure, Fantasy, Military",TV,12,7.97,244314,7.97,109.385851497179,797
31637,"Gate: Jieitai Kanochi nite, Kaku Tatakaeri 2nd Season","Action, Adventure, Fantasy, Military",TV,12,7.97,153501,7.97,111.748344425969,797
1253,Saint Seiya: Meiou Hades Meikai-hen,"Action, Adventure, Demons, Fantasy, Sci-Fi, Shounen, Super Power",OVA,12,7.97,21240,7.97,119.883137201917,797
12413,Jormungand,"Action, Adventure, Seinen",TV,12,7.96,137610,7.96,110.243449161827,796
14741,Chuunibyou demo Koi ga Shitai!,"Comedy, Drama, Romance, School, Slice of Life",TV,12,7.95,394399,7.95,108.779512506839,795
8525,Kami nomi zo Shiru Sekai,"Comedy, Harem, Romance, Shounen, Supernatural",TV,12,7.95,284846,7.95,112.337765344495,795
24893,Sidonia no Kishi: Daikyuu Wakusei Seneki,"Action, Mecha, Sci-Fi, Seinen, Space",TV,12,7.95,57665,7.95,112.221166167092,795
12445,Tasogare Otome x Amnesia,"Horror, Mystery, Romance, School, Shounen, Supernatural",TV,12,7.95,172367,7.95,111.046217034668,795
12403,Yuru Yuri♪♪,"Comedy, School, Shoujo Ai, Slice of Life",TV,12,7.94,83097,7.94,115.438875747546,794
32998,91 Days,"Action, Drama, Historical",TV,12,7.93,140604,7.93,110.344883327448,793
30123,Akagami no Shirayuki-hime,"Drama, Fantasy, Romance, Shoujo",TV,12,7.93,157551,7.93,110.409410709763,793
31339,Drifters,"Action, Adventure, Comedy, Fantasy, Historical, Samurai, Seinen",TV,12,7.93,102857,7.93,112.020385774006,793
322,Paradise Kiss,"Comedy, Drama, Josei, Romance, Slice of Life",TV,12,7.93,86380,7.93,109.486966024251,793
7588,Saraiya Goyou,"Historical, Samurai, Seinen",TV,12,7.93,40819,7.93,110.436758099559,793
10357,Jinrui wa Suitai Shimashita,"Comedy, Fantasy, Seinen",TV,12,7.92,89373,7.92,107.621118185199,792
28677,Yamada-kun to 7-nin no Majo (TV),"Comedy, Harem, Mystery, Romance, School, Shounen, Supernatural",TV,12,7.91,193566,7.91,109.468118884666,791
7193,Aoi Bungaku Series,"Drama, Historical, Psychological, Seinen, Thriller",TV,12,7.9,93074,7.9,110.455330736186,790
21405,Bokura wa Minna Kawaisou,"Comedy, Romance, School, Slice of Life",TV,12,7.9,159793,7.9,109.856949323095,790
21995,Ao Haru Ride,"Comedy, Drama, Romance, School, Shoujo, Slice of Life",TV,12,7.89,227417,7.89,107.400490492778,789
11111,Another,"Horror, Mystery, School, Supernatural, Thriller",TV,12,7.88,534657,7.88,105.922352812485,788
1520,Black Jack,Drama,OVA,12,7.88,14414,7.88,112.377814546343,788
18153,Kyoukai no Kanata,"Fantasy, Slice of Life, Supernatural",TV,12,7.88,359011,7.88,109.399982976997,788
32189,Danganronpa 3: The End of Kibougamine Gakuen - Mirai-hen,"Action, Horror, Mystery, Psychological",TV,12,7.87,83343,7.87,113.732481351392,787
31859,Hai to Gensou no Grimgar,"Action, Adventure, Drama, Fantasy",TV,12,7.87,213342,7.87,110.760189554264,787
15451,High School DxD New,"Action, Comedy, Demons, Ecchi, Harem, Romance, School",TV,12,7.87,266657,7.87,109.939420686144,787
19775,Sidonia no Kishi,"Action, Mecha, Sci-Fi, Seinen, Space",TV,12,7.87,118341,7.87,101.580536374236,787
2508,Genshiken 2,"Comedy, Parody, Slice of Life",TV,12,7.86,55825,7.86,108.116427729164,786
8407,Sora no Otoshimono: Forte,"Comedy, Ecchi, Harem, Romance, Sci-Fi, Shounen, Supernatural",TV,12,7.86,146697,7.86,112.969133922844,786
28927,Owari no Seraph: Nagoya Kessen-hen,"Action, Drama, Shounen, Supernatural, Vampire",TV,12,7.84,190058,7.84,112.079918429786,784
12883,Tsuritama,"Comedy, Sci-Fi, Slice of Life, Sports",TV,12,7.84,90625,7.84,108.543444821304,784
5074,Tetsuwan Birdy Decode:02,"Action, Comedy, Sci-Fi",TV,12,7.83,29622,7.83,112.792304171557,783
13663,To LOVE-Ru Darkness,"Comedy, Ecchi, Harem, Romance, School, Sci-Fi, Shounen",TV,12,7.82,135929,7.82,104.51621073892,782
345,Eikoku Koi Monogatari Emma,"Drama, Historical, Romance, Seinen, Slice of Life",TV,12,7.81,23877,7.81,102.769216758773,781
31953,New Game!,"Comedy, Slice of Life",TV,12,7.81,91932,7.81,106.040293866629,781
22101,Soredemo Sekai wa Utsukushii,"Adventure, Fantasy, Romance, Shoujo",TV,12,7.8,99462,7.8,108.215521898897,780
28979,To LOVE-Ru Darkness 2nd,"Comedy, Ecchi, Harem, Romance, School, Sci-Fi, Shounen",TV,12,7.8,73909,7.8,108.716053011012,780
4725,Ga-Rei: Zero,"Action, Super Power, Supernatural, Thriller",TV,12,7.78,145102,7.78,106.894305360455,778
30296,Rakudai Kishi no Cavalry,"Action, Ecchi, Fantasy, Romance, School",TV,12,7.78,188685,7.78,112.323124392547,778
65,Rozen Maiden: Träumend,"Action, Comedy, Drama, Magic, Seinen",TV,12,7.78,72645,7.78,109.427209204832,778
488,Ichigo Mashimaro,"Comedy, Slice of Life",TV,12,7.77,46333,7.77,112.539945183479,777
32268,Koyomimonogatari,"Comedy, Mystery, Supernatural",ONA,12,7.77,45632,7.77,109.624863547439,777
21843,Shingeki no Bahamut: Genesis,"Action, Adventure, Demons, Fantasy, Magic, Supernatural",TV,12,7.77,143701,7.77,109.375364097315,777
11319,Zero no Tsukaima F,"Adventure, Ecchi, Fantasy, Magic, Romance",TV,12,7.77,174026,7.77,110.130983672552,777
31478,Bungou Stray Dogs,"Action, Comedy, Mystery, Seinen, Supernatural",TV,12,7.76,187805,7.76,104.259732023594,776
240,Genshiken,"Comedy, Parody, Slice of Life",TV,12,7.76,104258,7.76,103.771015595892,776
20031,D-Frag!,"Comedy, Game, School, Seinen",TV,12,7.75,154548,7.75,104.985877350657,775
4416,Yuusha-Ou GaoGaiGar Final Grand Glorious Gathering,"Action, Mecha, Sci-Fi, Super Power",TV,12,7.75,1780,7.75,112.26864060951,775
24439,Kekkai Sensen,"Action, Fantasy, Shounen, Super Power, Supernatural, Vampire",TV,12,7.74,220573,7.74,109.531886420338,774
6634,Sengoku Basara Two,"Action, Historical, Martial Arts, Samurai, Super Power",TV,12,7.74,42798,7.74,106.601421623131,774
1840,Zero no Tsukaima: Futatsuki no Kishi,"Action, Adventure, Comedy, Ecchi, Fantasy, Harem, Magic, Romance, School",TV,12,7.73,235684,7.73,112.758857144792,773
24765,Gakkougurashi!,"Horror, Mystery, Psychological, School, Slice of Life",TV,12,7.71,140094,7.71,99.3383266329868,771
24703,High School DxD BorN,"Action, Comedy, Demons, Ecchi, Harem, Romance, School",TV,12,7.71,192171,7.71,105.635506123883,771
11433,Ano Natsu de Matteru,"Comedy, Drama, Romance, Sci-Fi, Slice of Life",TV,12,7.7,169718,7.7,112.314091993051,770
14967,Boku wa Tomodachi ga Sukunai Next,"Comedy, Harem, Romance, School, Seinen, Slice of Life",TV,12,7.7,214319,7.7,109.610844401289,770
11617,High School DxD,"Comedy, Demons, Ecchi, Harem, Romance, School",TV,12,7.7,398660,7.7,109.660901470397,770
21327,Isshuukan Friends.,"Comedy, School, Shounen, Slice of Life",TV,12,7.7,139601,7.7,105.728134291937,770
10568,Kamisama no Memochou,Mystery,TV,12,7.7,130502,7.7,106.434701174578,770
11933,Oda Nobuna no Yabou,"Comedy, Historical, Romance",TV,12,7.7,133216,7.7,108.34444202512,770
10495,Yuru Yuri,"Comedy, School, Shoujo Ai, Slice of Life",TV,12,7.7,148140,7.7,110.01866855647,770
23251,Gugure! Kokkuri-san,"Comedy, Shounen, Supernatural",TV,12,7.69,87824,7.69,105.885342720069,769
11013,Inu x Boku SS,"Comedy, Romance, Shounen, Supernatural",TV,12,7.69,216204,7.69,114.337950534646,769
23277,Saenai Heroine no Sodatekata,"Comedy, Ecchi, Harem, Romance, School",TV,12,7.69,155795,7.69,107.536694780226,769
16005,Zettai Karen Children: The Unlimited - Hyoubu Kyousuke,"Shounen, Supernatural",TV,12,7.69,61919,7.69,111.335991219783,769
14345,Btooom!,"Action, Psychological, Sci-Fi, Seinen",TV,12,7.68,329561,7.68,109.21143335036,768
18507,Free!,"Comedy, School, Slice of Life, Sports",TV,12,7.67,265791,7.67,107.452514711523,767
31798,Kiznaiver,"Drama, Sci-Fi",TV,12,7.67,197912,7.67,107.811051437683,767
8841,Kore wa Zombie Desu ka?,"Action, Comedy, Ecchi, Harem, Magic, Supernatural",TV,12,7.67,295782,7.67,108.540679510273,767
32542,Sakamoto desu ga?,"Comedy, School, Seinen",TV,12,7.67,171452,7.67,110.138204964758,767
22729,Aldnoah.Zero,"Action, Mecha, Sci-Fi",TV,12,7.66,244193,7.66,105.123300896956,766
14131,Girls und Panzer,"Military, School",TV,12,7.66,104275,7.66,108.211016429982,766
32673,Udon no Kuni no Kiniro Kemari,"Fantasy, Seinen, Slice of Life",TV,12,7.66,33885,7.66,108.476790932435,766
12291,Acchi Kocchi (TV),"Comedy, Romance, School, Seinen, Slice of Life",TV,12,7.65,127973,7.65,107.727376547478,765
31376,Flying Witch,"Comedy, Magic, Shounen, Slice of Life, Supernatural",TV,12,7.65,95933,7.65,104.294259082253,765
26243,Owari no Seraph,"Action, Drama, Shounen, Supernatural, Vampire",TV,12,7.65,315630,7.65,104.184546701166,765
32899,Watashi ga Motete Dousunda,"Comedy, Harem, Romance, School, Shoujo",TV,12,7.64,57638,7.64,105.315241226534,764
32828,Amaama to Inazuma,"Comedy, Seinen, Slice of Life",TV,12,7.63,95339,7.63,108.930216294607,763
13115,Hakuouki Reimeiroku,"Action, Drama, Historical, Josei, Samurai, Supernatural",TV,12,7.63,29485,7.63,105.826713877977,763
14527,Medaka Box Abnormal,"Action, Comedy, Ecchi, Martial Arts, School, Shounen, Super Power",TV,12,7.63,66972,7.63,109.686740860003,763
28497,Rokka no Yuusha,"Action, Adventure, Fantasy, Magic, Mystery",TV,12,7.63,218747,7.63,112.272020499222,763
6573,Darker than Black: Ryuusei no Gemini,"Action, Mystery, Sci-Fi, Super Power",TV,12,7.62,222243,7.62,106.490334008552,762
21743,Donten ni Warau,"Action, Historical, Shoujo",TV,12,7.62,57649,7.62,111.976642957345,762
31706,Fate/kaleid liner Prisma☆Illya 3rei!!,"Action, Comedy, Fantasy, Magic",TV,12,7.62,30457,7.62,105.017709521886,762
23269,Hello!! Kiniro Mosaic,"Comedy, School, Slice of Life",TV,12,7.63,33295,7.63,109.000926942949,763
3420,Shigofumi,"Drama, Fantasy, Psychological, Supernatural, Thriller",TV,12,7.62,54000,7.62,106.167898818065,762
10378,Shinryaku!? Ika Musume,"Comedy, Shounen, Slice of Life",TV,12,7.62,45613,7.62,107.558387797016,762
9181,Motto To LOVE-Ru,"Comedy, Ecchi, Harem, School, Sci-Fi, Shounen",TV,12,7.61,134988,7.61,105.511707139068,761
18671,Chuunibyou demo Koi ga Shitai! Ren,"Comedy, Drama, Romance, School, Slice of Life",TV,12,7.6,208885,7.6,106.161055055974,760
21273,Gochuumon wa Usagi Desu ka?,"Comedy, Slice of Life",TV,12,7.6,82999,7.6,108.141661165228,760
8557,Shinryaku! Ika Musume,"Comedy, Shounen, Slice of Life",TV,12,7.6,95242,7.6,111.698823043999,760
6802,So Ra No Wo To,"Military, Music, Sci-Fi, Slice of Life",TV,12,7.6,84390,7.6,106.995452826802,760
30911,Tales of Zestiria the X,"Action, Adventure, Fantasy",TV,12,7.6,107325,7.6,102.724315049861,760
3613,Toshokan Sensou,"Action, Comedy, Military, Romance",TV,12,7.6,38882,7.6,107.323570521555,760
3712,Zero no Tsukaima: Princesses no Rondo,"Action, Adventure, Comedy, Ecchi, Fantasy, Harem, Magic, Romance, School",TV,12,7.6,210891,7.6,105.257442489658,760
20541,Mikakunin de Shinkoukei,"Comedy, Romance, School, Slice of Life",TV,12,7.59,133385,7.59,106.341772951869,759
10719,Boku wa Tomodachi ga Sukunai,"Comedy, Ecchi, Harem, Romance, School, Seinen, Slice of Life",TV,12,7.57,325664,7.57,105.859342660695,757
6895,Hakuouki,"Action, Drama, Historical, Josei, Samurai, Supernatural",TV,12,7.57,90612,7.57,107.071886956023,757
64,Rozen Maiden,"Action, Comedy, Drama, Magic, Seinen",TV,12,7.57,128688,7.57,108.101321458474,757
5355,Sengoku Basara,"Action, Historical, Martial Arts, Samurai, Super Power",TV,12,7.57,93940,7.57,103.883814275117,757
18893,Aoki Hagane no Arpeggio: Ars Nova,"Action, Sci-Fi, Seinen",TV,12,7.55,84708,7.55,105.442158751395,755
28825,Himouto! Umaru-chan,"Comedy, School, Seinen, Slice of Life",TV,12,7.55,158041,7.55,107.161659342785,755
6707,Kuroshitsuji II,"Action, Comedy, Demons, Fantasy, Shounen, Supernatural",TV,12,7.55,234955,7.55,103.463255084271,755
2518,Masuda Kousuke Gekijou Gag Manga Biyori 2,Comedy,TV,12,7.55,1846,7.55,103.043090373724,755
15583,Date A Live,"Comedy, Harem, Mecha, Romance, School, Sci-Fi",TV,12,7.54,301358,7.54,103.652196124356,754
2216,Shigurui,"Action, Drama, Historical, Martial Arts, Samurai, Seinen",TV,12,7.54,50091,7.54,107.34507691014,754
15731,Tamayura: More Aggressive,"Comedy, Drama, Slice of Life",TV,12,7.54,10901,7.54,98.2103843319668,754
16009,Kamisama no Inai Nichiyoubi,"Fantasy, Mystery",TV,12,7.53,122031,7.53,105.625379499592,753
11499,Sankarea,"Comedy, Ecchi, Horror, Romance, Shounen, Supernatural",TV,12,7.53,222657,7.53,107.413851343697,753
29786,Shimoneta to Iu Gainen ga Sonzai Shinai Taikutsu na Sekai,"Comedy, Ecchi, School",TV,12,7.53,193822,7.53,106.481414242115,753
798,Yomigaeru Sora: Rescue Wings,"Drama, Military, Seinen",TV,12,7.53,6871,7.53,107.232214757191,753
3358,Kure-nai,"Comedy, Drama, Martial Arts",TV,12,7.52,59099,7.52,101.349127852266,752
19369,Outbreak Company,"Comedy, Fantasy, Harem, Parody",TV,12,7.52,131520,7.52,105.417513150218,752
5909,Seitokai no Ichizon,"Comedy, Harem, Parody, School",TV,12,7.52,110470,7.52,109.56173955793,752
24037,Selector Spread WIXOSS,"Game, Psychological",TV,12,7.52,42918,7.52,108.71851831417,752
27899,Tokyo Ghoul √A,"Action, Drama, Horror, Mystery, Psychological, Seinen, Supernatural",TV,12,7.52,408357,7.52,105.995790273387,752
25519,Yuuki Yuuna wa Yuusha de Aru,"Drama, Fantasy, Magic, Slice of Life",TV,12,7.52,59192,7.52,109.136172021113,752
1852,Hidamari Sketch,"Comedy, School, Slice of Life",TV,12,7.51,42998,7.51,104.54356162409,751
489,Kamichu!,"Comedy, Drama, Slice of Life, Supernatural",TV,12,7.51,33053,7.51,106.90542589052,751
11179,Papa no Iukoto wo Kikinasai!,"Comedy, Romance, Slice of Life",TV,12,7.51,97674,7.51,111.142291437489,751
25183,Gangsta.,"Action, Drama, Seinen",TV,12,7.5,210752,7.5,107.71945519992,750
10870,Ghost in the Shell: Stand Alone Complex - Tachikoma na Hibi (TV),"Comedy, Mecha, Sci-Fi",TV,12,7.5,7582,7.5,107.637555161642,750
31952,Kono Bijutsubu ni wa Mondai ga Aru!,"Comedy, Romance, School",TV,12,7.5,69088,7.5,106.059053671152,750
27787,Nisekoi:,"Comedy, Harem, Romance, School, Shounen",TV,12,7.5,180686,7.5,104.263869506154,750
10396,Ben-To,"Action, Comedy, Martial Arts",TV,12,7.49,146570,7.49,100.009251841225,749
8769,Ore no Imouto ga Konnani Kawaii Wake ga Nai,"Comedy, Seinen, Slice of Life",TV,12,7.49,321477,7.49,102.617699951052,749
30187,Sakurako-san no Ashimoto ni wa Shitai ga Umatteiru,Mystery,TV,12,7.49,99665,7.49,105.301672319862,749
6880,Deadman Wonderland,"Action, Horror, Sci-Fi",TV,12,7.48,453454,7.48,104.830945902361,748
476,Ginban Kaleidoscope,"Drama, Romance, Sports",TV,12,7.48,29837,7.48,105.560447134599,748
14811,GJ-bu,"Comedy, School, Slice of Life",TV,12,7.48,83838,7.48,105.768086719519,748
9938,Ikoku Meiro no Croisée The Animation,"Historical, Seinen, Slice of Life",TV,12,7.48,38652,7.48,102.372433697443,748
23421,Re:␣Hamatora,"Comedy, Mystery, Super Power",TV,12,7.48,73903,7.48,105.802872297381,748
8726,Soredemo Machi wa Mawatteiru,"Comedy, Slice of Life",TV,12,7.48,31906,7.48,101.181974636804,748
18229,Gatchaman Crowds,"Adventure, Sci-Fi",TV,12,7.47,107513,7.47,104.671976318264,747
21039,Gatchaman Crowds Insight,"Adventure, Sci-Fi",TV,12,7.47,41220,7.47,102.541195828822,747
4551,Hakushaku to Yousei,"Adventure, Fantasy, Historical, Magic",TV,12,7.47,63915,7.47,99.839879162872,747
20853,Hitsugi no Chaika,"Action, Adventure, Comedy, Fantasy, Romance, Shounen",TV,12,7.47,164510,7.47,101.955644261888,747
1655,Nerima Daikon Brothers,"Comedy, Music",TV,12,7.47,5374,7.47,111.987747585041,747
23673,Ookami Shoujo to Kuro Ouji,"Comedy, Romance, School, Shoujo",TV,12,7.47,145439,7.47,105.712524925999,747
32648,Handa-kun,"Comedy, Shounen, Slice of Life",TV,12,7.46,69621,7.46,106.812500265353,746
15225,Hentai Ouji to Warawanai Neko.,"Comedy, Harem, Romance, School, Seinen, Supernatural",TV,12,7.46,201735,7.46,103.147148778401,746
8074,Highschool of the Dead,"Action, Ecchi, Horror, Supernatural",TV,12,7.46,535892,7.46,107.026613659781,746
20709,Sabagebu!,"Action, Comedy, Military, Shoujo",TV,12,7.46,67306,7.46,104.30047733583,746
31771,Amanchu!,"Comedy, School, Shounen, Slice of Life",TV,12,7.45,40481,7.45,109.496958844263,745
15109,Cuticle Tantei Inaba,"Action, Comedy, Mystery, Shounen, Supernatural",TV,12,7.45,50019,7.45,104.108632898754,745
6574,Hanamaru Youchien,"Comedy, Seinen, Slice of Life",TV,12,7.45,40243,7.45,105.171568261894,745
5150,Hatsukoi Limited,"Comedy, Romance, School, Shounen",TV,12,7.45,54796,7.45,105.667378619165,745
5034,Shikabane Hime: Kuro,"Action, Horror",TV,12,7.45,46709,7.45,104.4856327917,745
15911,Yuyushiki,"Comedy, School, Seinen, Slice of Life",TV,12,7.45,50351,7.45,103.320017619331,745
14833,Maoyuu Maou Yuusha,"Adventure, Demons, Fantasy, Historical, Romance",TV,12,7.44,164445,7.44,101.088052572618,744
3256,Soukou Kihei Votoms: Pailsen Files,"Mecha, Military, Sci-Fi, Space",OVA,12,7.44,2861,7.44,103.188916397781,744
22433,Break Blade,"Action, Fantasy, Mecha, Military, Shounen",TV,12,7.43,46601,7.43,103.65880080023,743
15699,Haiyore! Nyaruko-san W,"Comedy, Parody, Sci-Fi",TV,12,7.43,84442,7.43,102.775099429822,743
18295,Kakumeiki Valvrave 2nd Season,"Action, Mecha, Space",TV,12,7.43,57434,7.43,104.231710810242,743
32175,Shounen Maid,"Comedy, Shoujo, Slice of Life",TV,12,7.43,30363,7.43,104.406429125659,743
6381,Strike Witches 2,"Action, Ecchi, Magic, Military, Sci-Fi",TV,12,7.43,51114,7.43,99.2711691377806,743
25157,Trinity Seven,"Action, Comedy, Ecchi, Fantasy, Harem, Magic, Romance, School, Shounen, Supernatural",TV,12,7.43,208796,7.43,110.437302657262,743
21681,Hanayamata,"Comedy, School, Seinen, Slice of Life",TV,12,7.42,55536,7.42,107.429229843107,742
5141,Taishou Yakyuu Musume.,"Comedy, Historical, School, Seinen, Sports",TV,12,7.42,12248,7.42,104.249932112081,742
2683,Tokyo Majin Gakuen Kenpucho: Tou Dai Ni Maku,"Action, Drama, Fantasy, Horror, Martial Arts, Mystery, School",TV,12,7.42,21972,7.42,100.789154738462,742
20689,Hamatora The Animation,"Comedy, Mystery, Super Power",TV,12,7.41,133571,7.41,100.15412279235,741
16732,Kiniro Mosaic,"Comedy, School, Slice of Life",TV,12,7.41,78131,7.41,107.407727872499,741
7761,Masuda Kousuke Gekijou Gag Manga Biyori +,Comedy,TV,12,7.41,1123,7.41,102.747611215767,741
10711,Plastic Neesan,"Comedy, School",ONA,12,7.41,83977,7.41,105.404893191625,741
2744,Potemayo,"Comedy, School, Seinen",TV,12,7.41,11411,7.41,101.807178949633,741
22273,Selector Infected WIXOSS,"Game, Psychological",TV,12,7.41,80964,7.41,104.15394105358,741
4483,Mahoutsukai ni Taisetsu na Koto: Natsu no Sora,"Drama, Magic, Shounen, Slice of Life",TV,12,7.4,14911,7.4,98.9107961142712,740
1196,Masuda Kousuke Gekijou Gag Manga Biyori,"Comedy, Parody",TV,12,7.4,5423,7.4,104.545960016869,740
4063,Sekirei,"Action, Comedy, Ecchi, Harem, Super Power",TV,12,7.4,182713,7.4,99.6458018273405,740
4726,Druaga no Tou: The Sword of Uruk,"Adventure, Fantasy",TV,12,7.39,46237,7.39,105.266033682221,739
28623,Koutetsujou no Kabaneri,"Action, Drama, Fantasy, Horror",TV,12,7.39,253027,7.39,102.190614644816,739
17247,Machine-Doll wa Kizutsukanai,"Action, Ecchi, Fantasy, School, Seinen",TV,12,7.39,136751,7.39,106.778510797839,739
30307,Monster Musume no Iru Nichijou,"Comedy, Ecchi, Fantasy, Harem, Romance, Seinen",TV,12,7.39,181845,7.39,102.512980716067,739
6512,Nyan Koi!,"Comedy, Harem, Romance",TV,12,7.39,142264,7.39,108.235312134682,739
1858,Gakuen Utopia Manabi Straight!,"Comedy, School, Slice of Life",TV,12,7.38,19315,7.38,101.54036163702,738
7769,Ookami-san to Shichinin no Nakama-tachi,"Comedy, Parody, Romance",TV,12,7.38,145982,7.38,98.2096692404375,738
4618,RideBack,"Action, Drama, Mecha, School, Sci-Fi",TV,12,7.38,32835,7.38,101.981071301217,738
10884,Saki Achiga-hen: Episode of Side-A,"Game, School, Slice of Life",TV,12,7.38,22358,7.38,103.383034471211,738
30344,The iDOLM@STER Cinderella Girls 2nd Season,"Comedy, Drama, Music",TV,12,7.38,16736,7.38,100.3640118155,738
21863,Mangaka-san to Assistant-san to The Animation,"Comedy, Ecchi, Harem, Seinen, Slice of Life",TV,12,7.37,108642,7.37,107.865119963109,737
15379,Kotoura-san,"Comedy, Drama, Romance, School",TV,12,7.36,123691,7.36,104.689470592114,736
4056,Masuda Kousuke Gekijou Gag Manga Biyori 3,Comedy,TV,12,7.36,1615,7.36,102.424101755425,736
8424,MM!,"Comedy, Ecchi, Harem, School",TV,12,7.36,129672,7.36,100.238784510001,736
31163,Dimension W,"Action, Sci-Fi, Seinen",TV,12,7.36,130028,7.36,107.870612275125,736
3230,Druaga no Tou: The Aegis of Uruk,"Adventure, Comedy, Fantasy",TV,12,7.35,69683,7.35,103.548614153675,735
3467,Nogizaka Haruka no Himitsu,"Comedy, Romance",TV,12,7.35,80820,7.35,108.270613595563,735
195,Onegai☆Teacher,"Comedy, Drama, Romance, School, Sci-Fi",TV,12,7.35,99558,7.35,99.3601440297006,735
16417,Tamako Market,"Comedy, Slice of Life",TV,12,7.35,128529,7.35,103.485611506902,735
8915,Dantalian no Shoka,"Action, Historical, Mystery, Supernatural",TV,12,7.34,84779,7.34,104.929028490201,734
25159,Inou-Battle wa Nichijou-kei no Naka de,"Comedy, Romance, School, Slice of Life, Supernatural",TV,12,7.34,144370,7.34,101.044000399877,734
9379,Denpa Onna to Seishun Otoko,"Comedy, Sci-Fi, Seinen, Slice of Life",TV,12,7.33,149497,7.33,104.368049886389,733
5042,Kiss x Sis,"Comedy, Ecchi, Harem, Romance, School, Seinen",OVA,12,7.33,125614,7.33,102.351430136093,733
22865,Rokujouma no Shinryakusha!? (TV),"Comedy, Harem, Romance, School, Supernatural",TV,12,7.33,76880,7.33,101.010944571958,733
5504,Shinkyoku Soukai Polyphonica Crimson S,"Drama, Fantasy, Music, Romance, School",TV,12,7.33,16720,7.33,102.653133028014,733
31737,Gakusen Toshi Asterisk 2nd Season,"Comedy, Ecchi, Fantasy, Harem, Romance, School, Sci-Fi, Supernatural",TV,12,7.32,101287,7.32,104.455171011265,732
28387,Joukamachi no Dandelion,"Comedy, Seinen, Slice of Life, Super Power",TV,12,7.32,64307,7.32,99.8659445710184,732
21563,Kamigami no Asobi,"Fantasy, Harem, Romance, Shoujo, Supernatural",TV,12,7.32,61410,7.32,105.678350948541,732
10232,Tamayura: Hitotose,"Comedy, Drama, Slice of Life",TV,12,7.32,25760,7.32,100.379230274958,732
30740,Young Black Jack,"Drama, Historical, Seinen",TV,12,7.32,42139,7.32,102.436675811967,732
16668,Kakumeiki Valvrave,"Action, Mecha, Space",TV,12,7.31,96718,7.31,102.229725850235,731
31500,High School Fleet,"Action, Military, School",TV,12,7.3,38646,7.3,104.518463143493,730
12175,Koi to Senkyo to Chocolate,"Drama, Romance, School",TV,12,7.3,91552,7.3,97.6814442382908,730
10397,Mashiro-iro Symphony: The Color of Lovers,"Drama, Harem, Romance, School",TV,12,7.3,77284,7.3,104.429106955775,730
16051,Ro-Kyu-Bu! SS,"Comedy, Ecchi, School, Sports",TV,12,7.3,21125,7.3,98.7782866828679,730
11341,Tantei Opera Milky Holmes Dai 2 Maku,"Comedy, Mystery, Super Power",TV,12,7.3,11941,7.3,100.752110797101,730
30205,Aoharu x Kikanjuu,"Action, Comedy, Shounen, Sports",TV,12,7.29,97674,7.29,100.553885818901,729
26441,Junketsu no Maria,"Comedy, Fantasy, Historical, Magic, Seinen",TV,12,7.29,75460,7.29,103.07450835715,729
276,Mahoromatic: Automatic Maiden,"Comedy, Ecchi, Military, Romance, Sci-Fi",TV,12,7.29,36656,7.29,104.00830752034,729
6023,Nogizaka Haruka no Himitsu: Purezza,"Comedy, Ecchi, Romance",TV,12,7.29,45161,7.29,103.543457985781,729
16742,Watashi ga Motenai no wa Dou Kangaetemo Omaera ga Warui!,"Comedy, School, Shounen, Slice of Life",TV,12,7.29,257925,7.29,102.289872439899,729
1498,Black Blood Brothers,"Action, Comedy, Fantasy, Shounen, Supernatural, Vampire",TV,12,7.28,68626,7.28,101.542522880127,728
24031,Denki-gai no Honya-san,"Comedy, Seinen, Slice of Life",TV,12,7.28,61228,7.28,105.912284795607,728
369,Boogiepop wa Warawanai: Boogiepop Phantom,"Dementia, Drama, Horror, Mystery, Psychological, Supernatural",TV,12,7.27,47280,7.27,101.634796609864,727
1941,Moonlight Mile 1st Season: Lift Off,"Adventure, Drama, Sci-Fi, Space",TV,12,7.27,6037,7.27,99.1657426656637,727
31417,Binan Koukou Chikyuu Bouei-bu LOVE! LOVE!,"Comedy, Magic, School, Slice of Life",TV,12,7.26,13346,7.26,100.184652187003,726
3299,H2O: Footprints in the Sand,"Harem, Romance, School",TV,12,7.26,64975,7.26,104.210324483704,726
394,Ai Yori Aoshi: Enishi,"Comedy, Drama, Harem, Romance, Slice of Life",TV,12,7.25,37944,7.25,98.232010511186,725
13161,Hagure Yuusha no Aesthetica,"Action, Ecchi, Fantasy, Super Power",TV,12,7.25,156044,7.25,97.9361198306357,725
11785,Haiyore! Nyaruko-san,"Comedy, Parody, Sci-Fi",TV,12,7.25,154595,7.25,100.301223050616,725
2048,Kikou Ryohei Mellowlink,"Action, Mecha, Military, Sci-Fi",OVA,12,7.25,3303,7.25,104.649023692868,725
5343,Monkey Punch: Manga Katsudou Daishashin,"Action, Adventure, Comedy, Ecchi, Parody, Seinen",TV,12,7.24,746,7.24,101.015385729,724
5670,GA: Geijutsuka Art Design Class,"Comedy, School, Seinen, Slice of Life",TV,12,7.23,12825,7.23,101.546074852234,723
18411,Gingitsune,"Seinen, Slice of Life, Supernatural",TV,12,7.23,33429,7.23,102.700995455235,723
31564,Sansha Sanyou,"Comedy, School, Slice of Life",TV,12,7.23,28423,7.23,103.319840472691,723
32686,Keijo!!!!!!!!,"Ecchi, Shounen, Sports",TV,12,7.22,83438,7.22,93.8971416121487,722
1738,Muteki Kanban Musume,"Action, Comedy, Martial Arts, Parody, Shounen",TV,12,7.22,12409,7.22,103.379155702922,722
21085,Witch Craft Works,"Action, Fantasy, Magic, Seinen, Supernatural",TV,12,7.22,106381,7.22,105.416654810059,722
1543,Yoake Mae yori Ruriiro na: Crescent Love,"Comedy, Romance, School, Sci-Fi",TV,12,7.22,22770,7.22,102.332160106824,722
7088,Ichiban Ushiro no Daimaou,"Action, Comedy, Ecchi, Fantasy, Harem, Magic, School, Shounen",TV,12,7.21,203618,7.21,99.5792378100175,721
31405,Joker Game,"Drama, Historical, Military",TV,12,7.21,102560,7.21,99.8642553862757,721
11761,Medaka Box,"Action, Comedy, Ecchi, Martial Arts, School, Shounen, Super Power",TV,12,7.21,110042,7.21,105.188576676948,721
21603,Mekakucity Actors,"Comedy, Romance, Sci-Fi, Super Power, Supernatural",TV,12,7.21,198876,7.21,103.173044152323,721
6747,Dance in the Vampire Bund,"Action, Supernatural, Vampire",TV,12,7.2,121005,7.2,100.203686717104,720
9367,Freezing,"Action, Drama, Ecchi, Harem, Martial Arts, Romance, Sci-Fi, Seinen",TV,12,7.2,159273,7.2,104.264430419216,720
16890,Makai Ouji: Devils and Realist,"Comedy, Demons, Fantasy, Historical, Mystery, School, Shoujo, Supernatural",TV,12,7.2,59819,7.2,102.411969701088,720
32094,Reikenzan: Hoshikuzu-tachi no Utage,"Comedy, Fantasy, Magic",TV,12,7.2,30153,7.2,97.7638457726344,720
20047,Sakura Trick,"Comedy, Romance, School, Seinen, Shoujo Ai, Slice of Life",TV,12,7.2,108011,7.2,100.650945440333,720
1864,Koisuru Tenshi Angelique: Kagayaki no Ashita,"Drama, Fantasy, Harem, Romance, Shoujo",TV,12,7.19,5827,7.19,100.13311644289,719
149,Loveless,"Action, Drama, Fantasy, Mystery, Romance, Shoujo, Shounen Ai, Supernatural",TV,12,7.19,85554,7.19,101.180567118117,719
6324,Omamori Himari,"Action, Comedy, Demons, Ecchi, Harem, Romance, Supernatural",TV,12,7.19,119572,7.19,103.781191143525,719
26165,Yuri Kuma Arashi,"Drama, Fantasy, Psychological, School, Seinen, Shoujo Ai",TV,12,7.19,48549,7.19,95.6733615820416,719
7817,B Gata H Kei,"Comedy, Ecchi, Romance, School, Seinen",TV,12,7.18,192719,7.18,94.1298227128182,718
5030,Maria†Holic,"Comedy, Parody, School, Shoujo Ai",TV,12,7.18,104663,7.18,96.8314101202894,718
32603,Okusama ga Seitokaichou!+!,"Comedy, Ecchi, Romance, School, Shounen",TV,12,7.17,37570,7.17,102.477319252484,717
1569,Otome wa Boku ni Koishiteru,"Comedy, Drama, Romance, School",TV,12,7.18,42190,7.18,95.0286578845598,718
20973,Sekai Seifuku: Bouryaku no Zvezda,"Action, Comedy, Fantasy",TV,12,7.18,67877,7.18,104.048133664145,718
6098,Sora no Manimani,"Comedy, Romance, School, Slice of Life",TV,12,7.18,28652,7.18,100.870962995197,718
31080,Anne Happy♪,"Comedy, School, Slice of Life",TV,12,7.17,32040,7.17,99.538893322042,717
284,Area 88 (TV),"Action, Drama, Military, Romance, Shounen",TV,12,7.17,7563,7.17,101.713319182613,717
17741,Kimi no Iru Machi,"Drama, Romance, Slice of Life",TV,12,7.17,63418,7.17,99.625873357424,717
33003,Mahou Shoujo Ikusei Keikaku,"Action, Fantasy, Supernatural, Thriller",TV,12,7.17,46024,7.17,98.3152742397674,717
31404,Netoge no Yome wa Onnanoko ja Nai to Omotta?,"Comedy, Ecchi, Game, Romance, School",TV,12,7.17,137102,7.17,103.808550763773,717
27441,Show By Rock!!,"Comedy, Music",TV,12,7.17,32061,7.17,102.677529473252,717
32038,Show By Rock!! #,"Comedy, Music",TV,12,7.17,8964,7.17,98.4323079498826,717
1554,Asatte no Houkou.,"Drama, Supernatural",TV,12,7.16,16909,7.16,100.73352301721,716
16385,Dog Days&#039;&#039;,"Action, Adventure, Fantasy, Magic",TV,12,7.16,34576,7.16,99.8959653019346,716
1045,Elf wo Karu Mono-tachi,"Adventure, Comedy, Ecchi, Fantasy, Magic, Shounen",TV,12,7.16,13581,7.16,101.263108908845,716
1688,Nanatsu-iro★Drops,"Magic, Romance, School",TV,12,7.16,16604,7.16,101.951808380853,716
907,Princess Princess,"Comedy, School, Shoujo",TV,12,7.16,38778,7.16,105.762502781339,716
28617,Punch Line,"Comedy, Ecchi, Sci-Fi, Super Power, Supernatural",TV,12,7.16,93000,7.16,101.871568286108,716
22663,Seiken Tsukai no World Break,"Action, Fantasy, Harem, Romance, School, Supernatural",TV,12,7.16,97401,7.16,94.6589224792167,716
4021,Seiyou Kottou Yougashiten: Antique,"Comedy, Shoujo, Shounen Ai",TV,12,7.16,21937,7.16,98.7971312202692,716
31370,Tonkatsu DJ Agetarou,"Comedy, Music, Shounen",TV,12,7.16,6342,7.16,104.6286845256,716
27655,Aldnoah.Zero 2nd Season,"Action, Mecha, Sci-Fi, Space",TV,12,7.15,149364,7.15,96.1046524383237,715
16157,Choujigen Game Neptune The Animation,"Action, Comedy, Fantasy, Parody, Sci-Fi, Supernatural",TV,12,7.15,71901,7.15,97.4743849178913,715
1726,Devil May Cry,"Action, Demons, Fantasy",TV,12,7.15,166398,7.15,102.510448161891,715
1046,Elf wo Karu Mono-tachi II,"Adventure, Comedy, Fantasy",TV,12,7.15,8004,7.15,102.385254723661,715
16982,Hayate no Gotoku! Cuties,"Comedy, Harem, Parody, Romance, Shounen",TV,12,7.15,24044,7.15,102.605131345483,715
32013,Oshiete! Galko-chan,"Comedy, School, Slice of Life",TV,12,7.15,45778,7.15,104.275406249543,715
22877,Seirei Tsukai no Blade Dance,"Action, Comedy, Ecchi, Fantasy, Harem, Romance, School, Supernatural",TV,12,7.15,124448,7.15,95.4038228717115,715
8057,Shin Koihime†Musou: Otome Tairan,"Adventure, Comedy, Ecchi, Fantasy, Historical",TV,12,7.15,13089,7.15,97.6748238443274,715
3667,Strike Witches,"Action, Ecchi, Magic, Military, Sci-Fi",TV,12,7.15,96159,7.15,101.37721635407,715
30544,Gakusen Toshi Asterisk,"Action, Comedy, Ecchi, Fantasy, Harem, Romance, School, Sci-Fi, Supernatural",TV,12,7.14,168657,7.14,90.7668396939924,714
3616,Kamen no Maid Guy,"Action, Comedy, Ecchi, Super Power",TV,12,7.14,27761,7.14,94.6959302201659,714
16726,gdgd Fairies 2,"Comedy, Fantasy",TV,12,7.13,1248,7.13,98.0415494499112,713
1022,Generator Gawl,"Action, Adventure, Comedy, Drama, Sci-Fi, Shounen",TV,12,7.13,5457,7.13,96.7141291936077,713
8630,Hidan no Aria,"Action, Comedy, Romance, School",TV,12,7.13,171888,7.13,99.6716071365294,713
2403,Kodomo no Jikan (TV),"Comedy, Ecchi, School",TV,12,7.13,63348,7.13,98.0454947025442,713
33433,Shuumatsu no Izetta,"Action, Historical, Military",TV,12,7.12,74026,7.12,101.433314539834,712
9041,IS: Infinite Stratos,"Action, Comedy, Harem, Mecha, Sci-Fi",TV,12,7.12,254543,7.12,99.7934511109115,712
31229,Servamp,"Action, Comedy, Drama, Josei, Supernatural, Vampire",TV,12,7.12,73126,7.12,103.666943574792,712
27727,Binan Koukou Chikyuu Bouei-bu LOVE!,"Comedy, Magic, School, Slice of Life",TV,12,7.11,45873,7.11,98.5357007991538,711
32607,Gi(a)rlish Number,Slice of Life,TV,12,7.11,35072,7.11,99.1073733054117,711
14653,Hayate no Gotoku! Can&#039;t Take My Eyes Off You,"Comedy, Harem, Parody, Shounen",TV,12,7.11,31435,7.11,97.2567979511951,711
941,Renkin San-kyuu Magical? Pokaan,"Comedy, Ecchi, Magic, Parody, Vampire",TV,12,7.11,17273,7.11,99.1924499631983,711
23233,Shinmai Maou no Testament,"Action, Demons, Ecchi, Fantasy, Harem, Romance",TV,12,7.11,172321,7.11,103.547047028124,711
18001,Freezing Vibration,"Action, Drama, Ecchi, Harem, Martial Arts, Military, Romance, Sci-Fi, Seinen",TV,12,7.1,79298,7.1,96.9259241589831,710
169,Shingetsutan Tsukihime,"Action, Horror, Mystery, Romance, Super Power, Supernatural, Vampire",TV,12,7.1,90713,7.1,96.6829180518953,710
1128,UFO Princess Valkyrie 2: Juunigatsu no Yasoukyoku,"Comedy, Romance, Sci-Fi",TV,12,7.1,6249,7.1,99.2261508904627,710
7593,Kiss x Sis (TV),"Comedy, Ecchi, Harem, Romance, School, Seinen",TV,12,7.09,215361,7.09,97.5729049296344,709
3654,Macademi Wasshoi!,"Comedy, Ecchi, Fantasy, Romance, School, Supernatural",TV,12,7.09,29401,7.09,97.2152139622074,709
621,Night Walker: Mayonaka no Tantei,"Action, Comedy, Horror, Mystery, Vampire",TV,12,7.09,11143,7.09,97.0759982757625,709
5039,Kurozuka,"Action, Drama, Historical, Horror, Romance, Sci-Fi, Vampire",TV,12,7.08,52145,7.08,98.5715694818516,708
30375,Starmyu,"Music, School, Slice of Life",TV,12,7.08,21032,7.08,99.1890620175575,708
18677,Yuusha ni Narenakatta Ore wa Shibushibu Shuushoku wo Ketsui Shimashita.,"Comedy, Ecchi, Fantasy, Romance",TV,12,7.07,115338,7.07,98.9564182099144,707
9776,A-Channel,"Comedy, School, Seinen, Slice of Life",TV,12,7.06,58564,7.06,95.1595520069366,706
11809,gdgd Fairies,Comedy,TV,12,7.06,2284,7.06,98.6088080869208,706
9712,Maria†Holic Alive,"Comedy, Parody, School, Shoujo Ai",TV,12,7.06,40502,7.06,96.1374169843873,706
12119,Natsu-iro Kiseki,"School, Slice of Life, Supernatural",TV,12,7.06,26883,7.06,99.5594379657983,706
25099,Ore ga Ojousama Gakkou ni &quot;Shomin Sample&quot; Toshite Gets♥Sareta Ken,"Comedy, Ecchi, Harem, Romance, School",TV,12,7.06,77774,7.06,95.3363760411238,706
12281,Rinne no Lagrange Season 2,"Action, Comedy, Mecha, Sci-Fi",TV,12,7.06,19427,7.06,100.205380042905,706
31374,Shingeki! Kyojin Chuugakkou,"Comedy, Parody, School, Shounen",TV,12,7.06,52928,7.06,101.043795885572,706
143,Kannazuki no Miko,"Drama, Magic, Mecha, Romance, Shoujo Ai, Shounen, Supernatural",TV,12,7.05,42927,7.05,96.470208586653,705
196,Onegai☆Twins,"Comedy, Drama, Harem, School, Sci-Fi",TV,12,7.05,59164,7.05,99.3006383729423,705
10572,Ro-Kyu-Bu!,"Comedy, Ecchi, School, Sports",TV,12,7.05,46940,7.05,97.6117258733164,705
24133,Taimadou Gakuen 35 Shiken Shoutai,"Action, Ecchi, Fantasy, Harem, Military, Romance, Supernatural",TV,12,7.05,99133,7.05,99.9637597341165,705
17827,Daitoshokan no Hitsujikai,"Harem, Romance, School",TV,12,7.04,46874,7.04,97.5047474670367,704
28221,Etotama,"Action, Comedy, Fantasy",TV,12,7.04,36463,7.04,97.7123169301816,704
10079,Hoshizora e Kakaru Hashi,"Comedy, Ecchi, Harem, Romance, School",TV,12,7.04,85178,7.04,97.4192927638028,704
21511,Kantai Collection: KanColle,"Action, Military, School, Sci-Fi, Slice of Life",TV,12,7.04,100999,7.04,96.346261257731,704
32634,Okusama ga Seitokaichou!: Okusama Gekijou,"Comedy, Shounen",Special,12,7.04,4250,7.04,103.732793019297,704
31559,Prince of Stride: Alternative,Sports,TV,12,7.04,79630,7.04,100.102622005491,704
7768,Tantei Opera Milky Holmes,"Comedy, Mystery, Super Power",TV,12,7.04,28812,7.04,98.5399407273222,704
19023,"Wake Up, Girls!","Drama, Music",TV,12,7.04,29679,7.04,95.8565633316583,704
33197,Lostorage Incited WIXOSS,"Game, Psychological",TV,12,7.03,21893,7.03,97.5520225192854,703
229,Ninin ga Shinobuden,"Comedy, Martial Arts, Parody",TV,12,7.03,23125,7.03,100.522834182286,703
6201,Princess Lover!,"Comedy, Ecchi, Harem, School",TV,12,7.03,104098,7.03,94.4217939342402,703
1942,Rocket Girls,"Adventure, Sci-Fi",TV,12,7.03,4794,7.03,96.5336719784743,703
4999,Asu no Yoichi!,"Comedy, Ecchi, Harem, Martial Arts, Romance, Shounen",TV,12,7.02,110748,7.02,100.070416315408,702
10213,Maji de Watashi ni Koi Shinasai!,"Comedy, Ecchi, Harem, Martial Arts, Romance, School, Super Power",TV,12,7.02,116683,7.02,95.8578131492109,702
11227,Rinne no Lagrange,"Action, Comedy, Mecha, Sci-Fi",TV,12,7.02,41486,7.02,100.373961732593,702
31234,Himouto! Umaru-chanS,"Comedy, Seinen, Slice of Life",Special,12,7.01,17038,7.01,94.2603562328139,701
8277,Hyakka Ryouran: Samurai Girls,"Action, Comedy, Ecchi, Harem, Samurai, School",TV,12,7.01,99201,7.01,95.8303025585872,701
750,Binchou-tan,"Comedy, Slice of Life",TV,12,7,6960,7,98.3061343906997,700
32483,Cheer Danshi!!,"School, Sports",TV,12,7,29219,7,93.6170969760231,700
30806,Schwarzesmarken,"Action, Drama, Historical, Mecha, Military, Sci-Fi",TV,12,7,51632,7,99.9354192237236,700
21851,Tesagure! Bukatsumono Encore,"Parody, School, Slice of Life",TV,12,7,2084,7,102.539083986657,700
28391,Ao no Kanata no Four Rhythm,"Drama, School, Sci-Fi, Sports",TV,12,6.98,72174,6.98,96.2673612176761,698
1837,Dokkoida,"Action, Adventure, Comedy, Parody, Sci-Fi, Shounen",TV,12,6.98,3462,6.98,96.0198413743407,698
22189,Futsuu no Joshikousei ga [Locodol] Yattemita.,"Comedy, Seinen",TV,12,6.98,27417,6.98,97.8115368943081,698
18095,Nourin,"Comedy, Ecchi, Romance, School",TV,12,6.98,76069,6.98,98.7767254315968,698
11241,Brave 10,"Action, Adventure, Historical, Samurai, Seinen, Super Power",TV,12,6.97,82205,6.97,95.876012399204,697
6112,Shin Koihime†Musou,"Comedy, Ecchi, Fantasy, Historical",TV,12,6.97,20742,6.97,99.65703169074,697
1727,Shinkyoku Soukai Polyphonica,"Drama, Fantasy, Music, Romance, School",TV,12,6.97,22282,6.97,98.8111313877998,697
12549,"Dakara Boku wa, H ga Dekinai.","Comedy, Ecchi, Romance, Supernatural",TV,12,6.96,169615,6.96,96.2645065839906,696
266,Gunparade March: Arata Naru Kougunka,"Drama, Mecha, Military, Romance, Sci-Fi, Shounen, Slice of Life",TV,12,6.96,9902,6.96,97.9378695352079,696
1956,Ikkitousen: Dragon Destiny,"Action, Ecchi, Martial Arts, School, Super Power",TV,12,6.96,47117,6.96,93.7721665468197,696
4196,Ikkitousen: Great Guardians,"Action, Ecchi, Martial Arts, School, Super Power",TV,12,6.96,37436,6.96,96.1095713486772,696
20473,Teekyuu 3,"Comedy, School, Shounen, Sports",TV,12,6.96,13227,6.96,95.4119406950312,696
33589,ViVid Strike!,"",TV,12,6.96,12345,6.96,98.5782766539684,696
4548,Yozakura Quartet,"Action, Comedy, Magic, Shounen, Super Power, Supernatural",TV,12,6.96,68023,6.96,90.4557659015923,696
7580,Ikkitousen: Xtreme Xecutor,"Action, Ecchi, Martial Arts, School, Super Power",TV,12,6.95,28260,6.95,94.7481599721156,695
1230,Innocent Venus,"Adventure, Drama, Mecha, Military, Sci-Fi",TV,12,6.95,19708,6.95,96.2322634002001,695
670,Lamune,"Drama, Romance, Slice of Life",TV,12,6.95,28716,6.95,101.689553543659,695
5940,Seiken no Blacksmith,"Action, Adventure, Fantasy",TV,12,6.95,81738,6.95,95.1411096201381,695
23201,Sengoku Basara: Judge End,"Action, Historical, Martial Arts, Samurai, Super Power",TV,12,6.95,14568,6.95,101.188917529668,695
1532,Suki na Mono wa Suki Dakara Shou ga Nai!!,"Comedy, Drama, Romance, Shoujo, Shounen Ai, Slice of Life",TV,12,6.95,30723,6.95,90.6267059311464,695
4353,Gakuen Heaven: Hamu Hamu Heaven,"Comedy, Drama, Romance, School, Shounen Ai",Special,12,6.94,5105,6.94,99.1346211300604,694
23945,Majimoji Rurumo,"Comedy, Ecchi, Fantasy, Magic, School, Shounen",TV,12,6.94,38952,6.94,99.786881315205,694
9330,Dragon Crisis!,"Action, Magic, Romance, School, Seinen, Supernatural",TV,12,6.93,94922,6.93,92.2278379979835,693
5734,Tayutama: Kiss on My Deity,"Harem, Romance, Supernatural",TV,12,6.93,43288,6.93,94.8315182291703,693
146,Kono Minikuku mo Utsukushii Sekai,"Comedy, Drama, Magic, Romance, Sci-Fi",TV,12,6.92,41756,6.92,104.208941780348,692
33041,Bubuki Buranki: Hoshi no Kyojin,"Action, Drama, Mecha, Sci-Fi",TV,12,6.91,10837,6.91,96.5188713208749,691
8536,Fortune Arterial: Akai Yakusoku,"Comedy, Romance, School, Supernatural, Vampire",TV,12,6.91,71285,6.91,101.095323589595,691
2494,Goshuushou-sama Ninomiya-kun,"Comedy, Ecchi, Fantasy, Harem",TV,12,6.91,63370,6.91,99.494348599625,691
649,Hanaukyou Maid-tai: La Verite,"Comedy, Ecchi, Harem, Romance",TV,12,6.91,14069,6.91,96.3476363645651,691
1721,Hitohira,"Drama, Romance, School, Slice of Life",TV,12,6.91,14299,6.91,97.6185496093487,691
15377,Hyakka Ryouran: Samurai Bride,"Action, Comedy, Ecchi, Harem, Samurai, School",TV,12,6.91,52542,6.91,102.121017699515,691
18121,Teekyuu 2,"Comedy, School, Shounen, Sports",TV,12,6.91,15887,6.91,94.0804613660376,691
2166,Doujin Work,"Comedy, Slice of Life",TV,12,6.9,20504,6.9,92.0381526033861,690
860,Makai Senki Disgaea,"Action, Comedy, Demons, Fantasy, Magic",TV,12,6.9,30146,6.9,95.9478618321993,690
1127,UFO Princess Valkyrie,"Comedy, Ecchi, Magic, Sci-Fi",TV,12,6.9,11794,6.9,94.8359079251133,690
886,Amaenaide yo!! Katsu!!,"Comedy, Ecchi, Harem, Romance, Supernatural",TV,12,6.89,33573,6.89,100.902224946388,689
1599,Eat-Man &#039;98,"Action, Adventure, Sci-Fi, Shounen, Super Power",TV,12,6.89,2757,6.89,96.3203251864439,689
33031,Shakunetsu no Takkyuu Musume,Sports,TV,12,6.89,14465,6.89,102.855969875237,689
10578,C³,"Action, Comedy, Ecchi, School, Supernatural",TV,12,6.88,100425,6.88,95.4408606419689,688
6297,Kamen Rider Den-O: Imagin Anime 2,"Action, Adventure, Comedy, Kids, Super Power",OVA,12,6.88,472,6.88,100.158240294968,688
4262,Koihime†Musou,"Action, Adventure, Fantasy, Historical, Martial Arts",TV,12,6.88,32176,6.88,90.1291092836553,688
28819,Okusama ga Seitokaichou!,"Comedy, Ecchi, Romance, School, Shounen",TV,12,6.88,91241,6.88,95.2885729761987,688
9922,Oretachi ni Tsubasa wa Nai: Under the Innocent Sky.,"Comedy, Drama, Ecchi, Harem, Romance",TV,12,6.88,52687,6.88,92.575293206165,688
26395,Teekyuu 4,"Comedy, Shounen, Sports",TV,12,6.88,10094,6.88,91.6931679013994,688
28835,Tesagure! Bukatsumono Spin-off Purupurun Sharumu to Asobou,"Parody, School, Slice of Life",TV,12,6.88,2007,6.88,91.4118447596075,688
688,Uta Kata,"Drama, Magic",TV,12,6.88,16688,6.88,94.8413284785467,688
6166,Asobi ni Iku yo!,"Comedy, Ecchi, Harem, Romance, Sci-Fi",TV,12,6.87,95005,6.87,98.2270784959676,687
646,Haunted Junction,"Comedy, Shounen, Supernatural",TV,12,6.87,2504,6.87,101.916238396226,687
7148,Ladies versus Butlers!,"Comedy, Ecchi, Harem, Romance, School, Seinen",TV,12,6.87,94820,6.87,99.1738210548556,687
273,Mahoutsukai ni Taisetsu na Koto,"Drama, Magic, Shounen, Slice of Life",TV,12,6.87,15152,6.87,98.1549553272605,687
30749,Saijaku Muhai no Bahamut,"Action, Ecchi, Fantasy, Harem, Mecha, Romance, School, Supernatural",TV,12,6.87,94430,6.87,92.555464539959,687
30567,Teekyuu 5,"Comedy, Shounen, Sports",TV,12,6.87,8381,6.87,97.7166519227511,687
5505,Viper&#039;s Creed,"Action, Military, Sci-Fi",TV,12,6.87,7393,6.87,93.0482310270027,687
33419,12-sai.: Chicchana Mune no Tokimeki 2nd Season,"Romance, School, Shoujo",TV,12,6.85,4580,6.85,98.9323674377856,685
7322,Needless Specials,"Comedy, Ecchi, School",Special,12,6.86,11609,6.86,98.3784199915435,686
563,DNA²,"Comedy, Romance, Sci-Fi",TV,12,6.85,23140,6.85,95.80448476563,685
13367,"Kono Naka ni Hitori, Imouto ga Iru!","Comedy, Ecchi, Harem, Mystery, Romance, School, Seinen",TV,12,6.85,92252,6.85,94.365723298504,685
1771,Ring ni Kakero 1: Nichibei Kessen-hen,"Action, Shounen, Sports",TV,12,6.85,1037,6.85,93.5544524643515,685
9624,30-sai no Hoken Taiiku,"Ecchi, Parody, Romance, Seinen",TV,12,6.84,31253,6.84,106.533843796872,684
17082,Aiura,"Comedy, School, Shounen, Slice of Life",TV,12,6.84,43737,6.84,96.0464814808726,684
248,Ichigo 100%,"Comedy, Ecchi, Harem, Romance, Shounen",TV,12,6.84,67310,6.84,95.7546147292154,684
24629,Koufuku Graffiti,"Comedy, Seinen, Slice of Life",TV,12,6.84,46093,6.84,94.7437219284101,684
297,Grenadier: Hohoemi no Senshi,"Action, Adventure, Comedy, Ecchi, Shounen",TV,12,6.83,37919,6.83,94.7553331512418,683
9750,Itsuka Tenma no Kuro Usagi,"Comedy, Ecchi, Romance, Shounen, Supernatural, Vampire",TV,12,6.83,73555,6.83,94.4428184945835,683
10197,Nyanpire The Animation,"Comedy, Supernatural",TV,12,6.83,19161,6.83,105.149683276574,683
8705,Phantom: Requiem for the Phantom Picture Drama,Comedy,Special,12,6.83,4368,6.83,94.2959709968819,683
32555,Stella no Mahou,"Comedy, School, Slice of Life",TV,12,6.83,15397,6.83,95.725432644136,683
21845,Ushinawareta Mirai wo Motomete,"Drama, Romance, School, Sci-Fi",TV,12,6.83,47565,6.83,100.42638598589,683
14355,Yama no Susume,"Adventure, Comedy, Slice of Life",TV,12,6.83,27487,6.83,99.9620269539784,683
19429,Akuma no Riddle,"Action, School, Shoujo Ai",TV,12,6.82,127641,6.82,95.6590780492574,682
7229,Black Jack ONA,Drama,ONA,12,6.82,1297,6.82,92.4471472471601,682
5973,Fight Ippatsu! Juuden-chan!!,"Comedy, Ecchi, Sci-Fi, Shounen",TV,12,6.82,20279,6.82,100.040644800503,682
18247,IS: Infinite Stratos 2,"Action, Comedy, Harem, Mecha, Sci-Fi",TV,12,6.82,146979,6.82,101.122222420745,682
28817,Mikagura Gakuen Kumikyoku,"Action, Comedy, School, Shoujo Ai",TV,12,6.82,47642,6.82,95.391811923327,682
32228,Teekyuu 7,"Comedy, Shounen, Sports",TV,12,6.82,5990,6.82,96.325241809969,682
9736,Astarotte no Omocha!,"Comedy, Demons, Ecchi, Fantasy, Romance, Seinen",TV,12,6.81,73064,6.81,87.6104052121853,681
32379,Berserk (2016),"Action, Adventure, Demons, Drama, Fantasy, Horror, Military, Romance, Seinen, Supernatural",TV,12,6.81,90817,6.81,98.9450369264993,681
17919,Houkago no Pleiades (TV),"Magic, Space",TV,12,6.81,20062,6.81,96.3230717206026,681
24821,Isshuukan Friends. Specials,"School, Slice of Life",Special,12,6.81,10995,6.81,97.3149859539465,681
667,Kashimashi: Girl Meets Girl,"Comedy, Drama, Romance, School, Shoujo Ai, Slice of Life",TV,12,6.81,32198,6.81,97.0688125716021,681
18495,Kitakubu Katsudou Kiroku,"Comedy, School, Slice of Life",TV,12,6.81,29790,6.81,91.3154714891798,681
25939,Mahou Shoujo Lyrical Nanoha ViVid,"Action, Adventure, Magic",TV,12,6.81,11952,6.81,94.7835865687758,681
5484,Wagaya no Oinari-sama. Specials,"Adventure, Comedy, Fantasy, Shounen, Supernatural",Special,12,6.81,2259,6.81,89.2145873151818,681
63,DearS,"Comedy, Ecchi, Harem, Romance, Sci-Fi",TV,12,6.8,91037,6.8,99.2164465177946,680
1581,Gift: Eternal Rainbow,"Comedy, Drama, Harem, Magic, Romance, School",TV,12,6.8,21979,6.8,96.9354316905968,680
2603,Mushi-Uta,"Action, Fantasy, Sci-Fi",TV,12,6.8,11867,6.8,90.6717912075169,680
18099,Recorder to Randoseru Mi☆,"Comedy, School, Seinen, Slice of Life",TV,12,6.8,12240,6.8,98.473266861032,680
17731,Ketsuekigata-kun!,Comedy,TV,12,6.79,6331,6.79,90.6231961331564,679
31440,Teekyuu 6,"Comedy, Shounen, Sports",TV,12,6.79,6897,6.79,92.1904716600858,679
25397,Absolute Duo,"Action, Ecchi, Harem, Romance, School, Supernatural",TV,12,6.78,168811,6.78,93.2916405785665,678
32962,Occultic;Nine,"Mystery, Sci-Fi",TV,12,6.78,82532,6.78,94.9694495909096,678
14199,Oniichan dakedo Ai Sae Areba Kankeinai yo ne!,"Comedy, Ecchi, Harem, Romance, School",TV,12,6.78,113166,6.78,92.3173548843574,678
30625,Princess Princess Specials,"Comedy, School, Shoujo",Special,12,6.75,687,6.75,91.3424592558824,675
33046,B-Project: Kodou＊Ambitious,"Music, Shoujo",TV,12,6.77,17506,6.77,93.1946389693321,677
148,Kita e.: Diamond Dust Drops,"Drama, Romance, Slice of Life",TV,12,6.77,5736,6.77,96.9438784840759,677
15125,Teekyuu,"Comedy, School, Shounen, Sports",TV,12,6.77,30291,6.77,91.5166008894519,677
473,Tide-Line Blue,"Action, Adventure, Drama, Military, Shounen",TV,12,6.77,4670,6.77,94.8316851686336,677
20267,Wooser no Sono Higurashi: Kakusei-hen,"Comedy, Fantasy, Slice of Life",TV,12,6.77,4334,6.77,100.905747748773,677
24705,"Ore, Twintail ni Narimasu.","Action, Comedy, Fantasy, Romance, School, Shounen",TV,12,6.76,66868,6.76,93.8437047287306,676
1742,Souryuuden,"Drama, Mystery, Super Power, Supernatural",OVA,12,6.76,1408,6.76,91.3233562157145,676
33811,Teekyuu 8,"Comedy, Shounen, Sports",TV,12,6.76,3961,6.76,95.6218352537908,676
6129,Umi Monogatari: Anata ga Ite Kureta Koto,"Drama, Fantasy, Magic, Romance, Supernatural",TV,12,6.76,14696,6.76,89.9997808910561,676
298,.hack//Tasogare no Udewa Densetsu,"Adventure, Comedy, Fantasy, Game, Sci-Fi, Shounen",TV,12,6.75,47679,6.75,96.3970697104826,675
1149,Choujuushin Gravion Zwei,"Adventure, Comedy, Mecha, Sci-Fi, Shounen",TV,12,6.75,5808,6.75,96.5405174994562,675
3464,Kemeko Deluxe!,"Action, Comedy, Ecchi, Romance, School, Sci-Fi, Shounen",TV,12,6.75,26991,6.75,99.4546527057886,675
776,Nanaka 6/17,"Comedy, Drama, Romance, Shounen, Slice of Life",TV,12,6.75,5702,6.75,92.6822725271545,675
24075,Persona 4 the Golden Animation,"Adventure, Mystery, School, Sci-Fi, Super Power, Supernatural",TV,12,6.75,39165,6.75,93.3785271358181,675
21033,Seikoku no Dragonar,"Comedy, Ecchi, Fantasy, School",TV,12,6.75,83068,6.75,96.5506686915782,675
1194,Coyote Ragtime Show,"Action, Adventure, Comedy, Mecha, Sci-Fi, Shounen",TV,12,6.74,13036,6.74,94.7307989179186,674
3503,Kanokon,"Comedy, Ecchi, Harem, Romance, School, Shounen, Slice of Life, Supernatural",TV,12,6.74,122288,6.74,96.6213005158272,674
28207,Ketsuekigata-kun! 2,Comedy,TV,12,6.74,2265,6.74,95.5835977016736,674
10156,Sacred Seven,"Action, School, Sci-Fi, Super Power",TV,12,6.74,47136,6.74,96.2699466499549,674
14515,Sasami-san@Ganbaranai,"Comedy, Romance, Supernatural",TV,12,6.74,55635,6.74,94.7555293500445,674
10490,Blood-C,"Action, Horror, School, Supernatural, Vampire",TV,12,6.73,118553,6.73,97.0445384072169,673
31636,Dagashi Kashi,"Comedy, Shounen, Slice of Life",TV,12,6.73,145468,6.73,93.963352489951,673
590,Kage kara Mamoru!,"Comedy, Romance, Shounen",TV,12,6.73,17136,6.73,92.2204784997802,673
6205,Kämpfer,"Action, Comedy, Ecchi, Romance, School, Shoujo Ai, Super Power",TV,12,6.73,146631,6.73,96.7658338059269,673
9934,Nekogami Yaoyorozu,"Comedy, Seinen, Slice of Life, Supernatural",TV,12,6.73,12486,6.73,99.678734316875,673
6633,Queen&#039;s Blade: Gyokuza wo Tsugu Mono,"Action, Adventure, Ecchi, Fantasy",TV,12,6.73,31256,6.73,95.6750445366836,673
2463,Shounan Bakusouzoku,"Action, Comedy, Shounen",OVA,12,6.73,423,6.73,86.4172225598737,673
10324,Tono to Issho: Gantai no Yabou,"Comedy, Historical, Parody, Samurai, Seinen",TV,12,6.73,1993,6.73,90.7401423561201,673
1198,Tsuyokiss,"Comedy, Romance, School, Slice of Life",TV,12,6.73,13680,6.73,95.4989581594137,673
403,Hanaukyou Maid-tai,"Comedy, Ecchi, Harem, Romance",TV,12,6.72,19053,6.72,93.2721917618279,672
22123,Inugami-san to Nekoyama-san,"Comedy, School, Shoujo Ai",TV,12,6.72,35872,6.72,96.9802478527454,672
8861,"Yosuga no Sora: In Solitude, Where We Are Least Alone.","Drama, Ecchi, Harem, Romance",TV,12,6.72,173216,6.72,91.4616461996459,672
29976,Dance with Devils,"Demons, Harem, Romance, Shoujo, Supernatural",TV,12,6.71,38618,6.71,90.6767244935846,671
1067,Kishin Houkou Demonbane (TV),"Action, Ecchi, Harem, Magic, Mecha, Romance, Shounen",TV,12,6.71,25443,6.71,95.8962950264615,671
32360,Qualidea Code,"Action, Magic, Supernatural",TV,12,6.71,56854,6.71,93.1384953453141,671
1704,Eat-Man,"Action, Adventure, Sci-Fi, Shounen, Super Power",TV,12,6.7,4041,6.7,90.4931860597514,670
840,Narue no Sekai,"Comedy, Romance, Sci-Fi",TV,12,6.7,11544,6.7,96.4795533870806,670
31848,Ojisan to Marshmallow,"Comedy, Slice of Life",TV,12,6.7,31005,6.7,92.5466576772045,670
10611,R-15,"Comedy, Ecchi, Harem, Romance, School",TV,12,6.7,53617,6.7,93.026591585732,670
23,Ring ni Kakero 1,"Action, Shounen, Sports",TV,12,6.7,2224,6.7,91.0509908450567,670
32601,12-sai.: Chicchana Mune no Tokimeki,"Romance, School, Shoujo",TV,12,6.69,12768,6.69,90.241182625759,669
4744,Akaneiro ni Somaru Saka,"Comedy, Harem, Romance, School",TV,12,6.69,91453,6.69,91.3448612878626,669
375,Bannou Bunka Neko-Musume (1998),"Action, Adventure, Comedy, Mecha, Sci-Fi, Seinen",TV,12,6.69,4038,6.69,96.9748838792179,669
863,Joshikousei: Girl&#039;s High,"Comedy, Drama, Ecchi, School, Slice of Life",TV,12,6.69,22982,6.69,98.7839712459391,669
412,Kore ga Watashi no Goshujinsama,"Comedy, Ecchi, Slice of Life",TV,12,6.69,57646,6.69,91.3850630803344,669
1810,Kyoushirou to Towa no Sora,"Drama, Magic, Romance, Shounen",TV,12,6.69,28280,6.69,95.8741128214374,669
9936,Maken-Ki!,"Action, Ecchi, Harem, Martial Arts, School, Super Power",TV,12,6.69,104182,6.69,89.2827551018757,669
14921,RDG: Red Data Girl,"Fantasy, Magic",TV,12,6.69,67100,6.69,91.6037397411733,669
10073,Seikon no Qwaser II,"Action, Ecchi, Seinen, Super Power, Supernatural",TV,12,6.69,64168,6.69,95.8289348897468,669
16518,Arata Kangatari,"Adventure, Fantasy, Shounen",TV,12,6.68,38819,6.68,96.7089168674212,668
32866,Brave Witches,"Action, Ecchi, Magic, Military, Sci-Fi",TV,12,6.68,19544,6.68,95.740625653576,668
17831,Inu to Hasami wa Tsukaiyou,"Comedy, Supernatural",TV,12,6.68,69526,6.68,96.3288414881634,668
33341,Time Travel Shoujo: Mari Waka to 8-nin no Kagakusha-tachi,"Adventure, Sci-Fi",TV,12,6.68,9248,6.68,96.365674914984,668
20533,Z/X: Ignition,"Adventure, Fantasy, Game, Sci-Fi",TV,12,6.68,24788,6.68,87.2685231485042,668
591,Amaenaide yo!!,"Comedy, Ecchi, Harem, Romance, Supernatural",TV,12,6.67,48939,6.67,96.9639162175813,667
33421,Hitori no Shita: The Outcast,"Action, Super Power, Supernatural",TV,12,6.67,36343,6.67,92.8689580241901,667
28283,Sengoku Musou,"Action, Historical, Samurai",TV,12,6.67,13272,6.67,89.4700286967088,667
30437,Wakako-zake,"Seinen, Slice of Life",TV,12,6.67,18933,6.67,92.8684223586262,667
32214,Koukaku no Pandora,"Action, Comedy, Ecchi, Sci-Fi",TV,12,6.66,25545,6.66,89.1145881311961,666
31621,Ooyasan wa Shishunki!,"Comedy, Slice of Life",TV,12,6.66,24131,6.66,92.7932801631685,666
682,Otogi Story Tenshi no Shippo,"Comedy, Fantasy, Harem, Magic, Romance",TV,12,6.66,9099,6.66,95.027229909632,666
25867,Rolling☆Girls,"Action, Adventure, Slice of Life, Super Power",TV,12,6.66,48310,6.66,91.0176067444322,666
9493,Dororon Enma-kun Meeramera,"Action, Comedy, Ecchi, Fantasy, Magic, Super Power, Supernatural",TV,12,6.65,11006,6.65,96.0207076669389,665
31452,Norn9: Norn+Nonet,"Adventure, Fantasy, Josei, Romance",TV,12,6.65,38139,6.65,91.0411861868409,665
19919,Tesagure! Bukatsumono,"Parody, School, Slice of Life",TV,12,6.65,5670,6.65,98.3770097506225,665
30127,Danchigai,"Comedy, Slice of Life",TV,12,6.64,37913,6.64,89.5086880655716,664
21353,Tokyo ESP,"Action, Comedy, Sci-Fi, Shounen, Super Power, Supernatural",TV,12,6.64,95168,6.64,96.0082867024101,664
33222,Fudanshi Koukou Seikatsu,"Comedy, School, Shoujo, Slice of Life",TV,12,6.63,26360,6.63,89.1800947947485,663
1836,Shuffle! Memories,"Comedy, Drama, Ecchi, Fantasy, Harem, Magic, Romance, School, Seinen",TV,12,6.63,34109,6.63,97.878729816424,663
4975,ChäoS;HEAd,"Harem, Mystery, Psychological, Sci-Fi, Supernatural",TV,12,6.62,174337,6.62,91.7189495153977,662
312,Ace wo Nerae!: Final Stage,"Action, Drama, Sports",OVA,12,6.61,714,6.61,84.3349133676683,661
30795,Bakuon!!,"Comedy, Seinen, Slice of Life",TV,12,6.61,31295,6.61,90.2890933285212,661
34009,To Be Hero,Comedy,TV,12,6.61,14718,6.61,90.384614306009,661
4209,Mission-E,"Action, Comedy, School, Sci-Fi",TV,12,6.6,3931,6.6,90.7331353320745,660
1807,Prism Ark,"Action, Comedy, Drama, Fantasy, Magic",TV,12,6.6,16596,6.6,96.3608277877307,660
10109,Softenni,"Comedy, Ecchi, School, Sports",TV,12,6.6,16068,6.6,93.2968444917572,660
28155,Yoru no Yatterman,"Action, Adventure, Comedy, Drama",TV,12,6.6,22662,6.6,90.4232646344073,660
1456,L/R: Licensed by Royal,"Action, Adventure, Mystery, Police",TV,12,6.59,2388,6.59,92.1972951080109,659
32301,Active Raid: Kidou Kyoushuushitsu Dai Hachi Gakari 2nd,"Comedy, Mecha, Police, Sci-Fi",TV,12,6.58,10517,6.58,90.3975038823627,658
15605,Brothers Conflict,"Harem, Romance, Shoujo",TV,12,6.58,74069,6.58,85.2539039698143,658
10202,Kamen Rider Den-O: Imagin Anime 3,"Action, Adventure, Comedy, Kids, Super Power",OVA,12,6.58,350,6.58,93.3346758157401,658
4760,Kanokon Specials,Ecchi,Special,12,6.58,19232,6.58,96.1561582810193,658
5454,Yokuwakaru Gendaimahou,"Comedy, Magic",TV,12,6.58,17422,6.58,93.8061687639423,658
25283,Kuusen Madoushi Kouhosei no Kyoukan,"Action, Drama, Fantasy, Magic, School",TV,12,6.57,81870,6.57,92.8017315090037,657
28861,Takamiya Nasuno Desu!: Teekyuu Spin-off,"Comedy, Shounen",TV,12,6.57,8213,6.57,96.2421154814563,657
943,Yume Tsukai,"Drama, Fantasy, Magic, Slice of Life",TV,12,6.57,5719,6.57,91.6545993478361,657
34213,Getsuyoubi no Tawawa,Slice of Life,ONA,12,6.56,16663,6.56,90.7918624747041,656
1570,Happiness!,"Comedy, Harem, Magic, Romance, School",TV,12,6.56,24393,6.56,89.4578720484895,656
2367,Moetan,"Comedy, Ecchi, Magic, School",TV,12,6.56,18432,6.56,91.9249690040333,656
14283,Vividred Operation,"Action, Ecchi, Sci-Fi",TV,12,6.56,45869,6.56,93.5509050777168,656
19151,Walkure Romanze,"Action, Ecchi, Harem, Romance, School, Sports",TV,12,6.56,56131,6.56,94.141548730067,656
31566,Ketsuekigata-kun! 3,Comedy,TV,12,6.55,1317,6.55,88.656371757077,655
32274,Ketsuekigata-kun! 4,Comedy,TV,12,6.55,1119,6.55,90.5478425297457,655
888,Megami Kouhosei,"Action, Mecha, Military, Sci-Fi, Space",TV,12,6.55,14757,6.55,92.1044092810018,655
677,Sentimental Journey,"Drama, Romance, Shoujo",TV,12,6.55,1412,6.55,88.6764817697926,655
1607,Venus Versus Virus,"Drama, Romance, Supernatural",TV,12,6.55,20883,6.55,96.6358654586286,655
374,Bannou Bunka Neko-Musume DASH!,"Action, Comedy, Ecchi, Romance, Sci-Fi",OVA,12,6.54,3473,6.54,96.8251876005447,654
20931,Oneechan ga Kita,"Comedy, Slice of Life",TV,12,6.54,45457,6.54,87.9835136963165,654
31338,Hundred,"Action, Ecchi, Harem, Mecha, Romance, School, Sci-Fi",TV,12,6.53,92396,6.53,91.0473992906218,653
2564,Code-E,"Comedy, Romance, School, Sci-Fi, Slice of Life",TV,12,6.52,12238,6.52,88.0561408010682,652
988,Shinshaku Sengoku Eiyuu Densetsu: Sanada Juu Yuushi The Animation,"Action, Comedy, Historical, Military, Samurai",TV,12,6.51,1006,6.51,94.7894912565086,651
6919,X-Men,"Action, Drama, Super Power",TV,12,6.51,15653,6.51,93.5910462547283,651
3166,Ayakashi,"Action, Fantasy, Horror, Sci-Fi",TV,12,6.5,20882,6.5,92.7741114886678,650
21167,Escha &amp; Logy no Atelier: Tasogare no Sora no Renkinjutsushi,Fantasy,TV,12,6.5,37885,6.5,93.1985282251496,650
30895,HaruChika: Haruta to Chika wa Seishun suru,"Mystery, Romance, School, Slice of Life",TV,12,6.5,49971,6.5,84.484267833674,650
20971,Kiniro no Corda: Blue♪Sky,"Harem, Music, School, Shoujo",TV,12,6.5,15742,6.5,86.1728776824798,650
31223,Phantasy Star Online 2 The Animation,"Action, Game, School, Sci-Fi",TV,12,6.5,32470,6.5,88.6874203548926,650
11859,Queen&#039;s Blade: Rebellion,"Action, Adventure, Ecchi, Fantasy",TV,12,6.5,21706,6.5,88.6599900520349,650
6682,11eyes,"Action, Ecchi, Super Power, Supernatural",TV,12,6.49,133971,6.49,84.2923107484466,649
1884,Himesama Goyoujin,Comedy,TV,12,6.49,1623,6.49,95.8159245277866,649
15119,Senran Kagura,"Action, Comedy, Ecchi, School",TV,12,6.48,55607,6.48,92.4797301655456,648
32023,Bubuki Buranki,"Action, Drama, Mecha, Sci-Fi",TV,12,6.47,44978,6.47,88.7396624493605,647
7079,Ookamikakushi,"Action, Horror, Mystery, Supernatural",TV,12,6.47,51323,6.47,93.7261881879034,647
23309,Rail Wars!,"Action, Ecchi, Police",TV,12,6.47,85487,6.47,86.1593790232451,647
27629,Tantei Kageki Milky Holmes TD,"Comedy, Mystery, Super Power",TV,12,6.47,4967,6.47,89.9877894646424,647
184,Xenosaga The Animation,"Action, Mecha, Sci-Fi, Shounen, Space",TV,12,6.47,13827,6.47,94.4249067899338,647
610,Popotan,"Comedy, Drama, Ecchi, Supernatural",TV,12,6.46,15230,6.46,92.7504023052806,646
17777,"Saikin, Imouto no Yousu ga Chotto Okashiinda ga.","Comedy, Ecchi, Romance, Shounen, Supernatural",TV,12,6.46,74320,6.46,96.0449266940723,646
6075,Ai no Wakakusa Yama Monogatari,Comedy,TV,12,6.45,527,6.45,93.0733069519301,645
31914,Shoujo-tachi wa Kouya wo Mezasu,School,TV,12,6.45,60452,6.45,96.8181020248436,645
133,Green Green,"Comedy, Ecchi, Romance, School, Slice of Life",TV,12,6.44,80562,6.44,82.2743748871341,644
24873,Juuou Mujin no Fafnir,"Fantasy, Harem, Romance, School",TV,12,6.44,59544,6.44,90.1356547207615,644
952,Magical Nyan Nyan Taruto,"Comedy, Magic",TV,12,6.44,3693,6.44,97.2301997878565,644
12967,Arcana Famiglia,"Action, Harem, Romance, Shoujo",TV,12,6.43,106391,6.43,89.6797869479496,643
2697,Hi-Speed Jecy,"Action, Sci-Fi",OVA,12,6.43,479,6.43,99.4136872450854,643
4737,Himitsukessha Taka no Tsume,"Comedy, Parody, Super Power",TV,12,6.43,341,6.43,89.9361532904514,643
31804,Kuma Miko,"Comedy, Seinen, Slice of Life",TV,12,6.43,43176,6.43,88.3585482481143,643
1868,Gin&#039;iro no Olynsis: Tokito,"Adventure, Drama, Mecha, Romance",TV,12,6.42,5305,6.42,88.6715132927972,642
31845,Masou Gakuen HxH,"Action, Comedy, Ecchi, Fantasy, Harem, Romance, School, Sci-Fi",TV,12,6.42,68025,6.42,90.2701246874845,642
19257,Meganebu!,"Comedy, School, Slice of Life",TV,12,6.42,22411,6.42,93.1942700161792,642
31540,Sekkou Boys,"Comedy, Music",TV,12,6.42,28303,6.42,88.4919126028243,642
21119,Sister Princess: Re Pure Character&#039;s,"Drama, Romance",Special,12,6.42,544,6.42,89.2651145013876,642
33668,Soushin Shoujo Matoi,"Magic, Supernatural",TV,12,6.42,12549,6.42,91.3502488296627,642
8449,Togainu no Chi,"Action, Sci-Fi, Shounen Ai",TV,12,6.42,53377,6.42,97.8896746265661,642
8961,Tono to Issho: Ippunkan Gekijou,"Comedy, Samurai, Seinen",TV,12,6.42,2321,6.42,94.5946525939145,642
14237,Busou Shinki,"Action, Sci-Fi, Slice of Life",TV,12,6.41,24595,6.41,89.9526495787812,641
555,Koutetsu Tenshi Kurumi 2,"Comedy, Mecha, Romance, Sci-Fi, Shoujo Ai, Shounen",TV,12,6.41,8094,6.41,85.7458935466626,641
6979,Shukufuku no Campanella,"Adventure, Fantasy, Harem, Magic",TV,12,6.41,20054,6.41,93.2859760349687,641
5112,Akikan!,"Comedy, Ecchi, Fantasy, Romance",TV,12,6.4,74097,6.4,84.3009319756218,640
28883,Hidan no Aria AA,"Action, School, Shoujo Ai",TV,12,6.4,39538,6.4,88.7708592520268,640
360,Himiko-den,"Adventure, Drama, Fantasy, Supernatural",TV,12,6.4,3731,6.4,91.1748708489259,640
749,Nanami-chan,"Comedy, Kids",TV,12,6.4,828,6.4,92.6391954267131,640
1583,009-1,"Action, Mecha, Sci-Fi, Seinen",TV,12,6.39,11097,6.39,96.0933635362236,639
15085,Amnesia,"Fantasy, Josei, Mystery, Romance",TV,12,6.39,134349,6.39,92.9516214747412,639
1591,Kujibiki♥Unbalance,"Comedy, Romance, School",TV,12,6.39,9021,6.39,90.9650811434626,639
23433,Shin Strange+,"Comedy, Shoujo, Slice of Life",TV,12,6.39,9385,6.39,90.0120274200924,639
2523,Izumo: Takeki Tsurugi no Senki,"Adventure, Drama, Fantasy, Martial Arts, Romance, Supernatural",TV,12,6.38,7748,6.38,90.7010334824306,638
30385,Valkyrie Drive: Mermaid,"Action, Ecchi, Fantasy, Shoujo Ai",TV,12,6.38,45400,6.38,89.8615587837194,638
15313,Wooser no Sono Higurashi,"Comedy, Fantasy, Slice of Life",TV,12,6.36,8081,6.36,90.2292703314554,636
6920,Blade,"Action, Drama, Horror, Vampire",TV,12,6.34,14100,6.34,89.6153615573691,634
693,Burn Up Scramble,"Action, Comedy, Drama, Ecchi, Police, Sci-Fi, Shounen",TV,12,6.34,5899,6.34,86.5800559824482,634
6645,Chuu Bra!!,"Comedy, Ecchi, School",TV,12,6.34,32470,6.34,86.4108128002748,634
10465,Manyuu Hikenchou,"Action, Comedy, Ecchi, Samurai, Seinen",TV,12,6.34,32171,6.34,89.1223494265119,634
9587,Oniichan no Koto nanka Zenzen Suki ja Nai n da kara ne!!,"Comedy, Ecchi, Harem, Romance",TV,12,6.34,51637,6.34,93.2222339645069,634
33023,Touken Ranbu: Hanamaru,"Action, Comedy, Drama, Fantasy, Historical, Slice of Life",TV,12,6.34,30310,6.34,85.3526153853578,634
11769,Gokujo.: Gokurakuin Joshikou Ryou Monogatari,"Comedy, Ecchi, School, Seinen, Shoujo Ai",TV,12,6.33,17103,6.33,89.6234617889667,633
30652,Long Riders!,"Comedy, Shounen, Slice of Life, Sports",TV,12,6.33,11562,6.33,87.576766343361,633
818,Sakura Tsuushin,"Comedy, Drama, Romance, Slice of Life",OVA,12,6.33,7342,6.33,93.4052553807296,633
21507,Soul Eater NOT!,"Action, Comedy, Ecchi, Shounen, Supernatural",TV,12,6.33,92269,6.33,96.0443653753492,633
23333,DRAMAtical Murder,"Action, Psychological, Sci-Fi, Super Power",TV,12,6.32,80121,6.32,90.3249097448087,632
33795,Mahou Shoujo Nante Mou Ii Desukara. 2nd Season,"Comedy, Magic",TV,12,6.32,5676,6.32,87.5217577419528,632
4719,Queen&#039;s Blade: Rurou no Senshi,"Action, Adventure, Ecchi, Fantasy",TV,12,6.32,51170,6.32,89.5152468760918,632
12485,Gregory Horror Show: The Bloody Karte,"Comedy, Demons, Horror, Mystery, Supernatural, Vampire",Special,12,6.31,399,6.31,87.4493645848971,631
31091,Komori-san wa Kotowarenai!,"Comedy, School, Slice of Life",TV,12,6.31,24377,6.31,88.1998864473796,631
2244,Rakugo Tennyo Oyui,"Comedy, Historical",TV,12,6.31,1086,6.31,90.6440840040291,631
21809,Kenzen Robo Daimidaler,"Comedy, Ecchi, Mecha, Seinen",TV,12,6.3,33059,6.3,89.9815070427787,630
7463,Weiß Survive R,"Comedy, Ecchi, Game",TV,12,6.3,7275,6.3,90.0099193987459,630
141,Jinki:Extend,"Mecha, Sci-Fi",TV,12,6.29,7496,6.29,83.5204601973507,629
1561,Lovedol: Lovely Idol,"Harem, Music",TV,12,6.29,5825,6.29,86.4523238054279,629
32039,Show By Rock!! Short!!,"Comedy, Music",TV,12,6.29,5672,6.29,85.9573271863203,629
10177,DD Hokuto no Ken,"Parody, Seinen",TV,12,6.28,2348,6.28,93.3269252805361,628
18767,BlazBlue: Alter Memory,"Action, Fantasy",TV,12,6.27,52965,6.27,91.1800421292239,627
18755,Donyatsu,"Comedy, Sci-Fi, Seinen",Movie,12,6.27,2168,6.27,89.1059348589386,627
33045,Dream Festival!,Music,ONA,12,6.27,4761,6.27,87.3230695342895,627
20053,Wizard Barristers: Benmashi Cecil,Magic,TV,12,6.27,38188,6.27,95.836170673041,627
20555,SoniAni: Super Sonico The Animation,"Music, Slice of Life",TV,12,6.26,45748,6.26,86.3978274504982,626
854,Soul Link,"Action, Adventure, Comedy, Military, Romance, Sci-Fi, Space",TV,12,6.26,14641,6.26,84.9018402149277,626
6875,Iron Man,"Action, Drama, Mecha",TV,12,6.25,17403,6.25,86.1090370822883,625
204,Yumeria,"Action, Comedy, Ecchi, Harem, Super Power",TV,12,6.25,19138,6.25,90.3873701219717,625
4444,Zero Duel Masters,"Adventure, Comedy, Game, Sports",TV,12,6.25,1217,6.25,87.1686882359707,625
3840,Crystal Blaze,"Action, Sci-Fi",TV,12,6.24,11974,6.24,83.0954578002227,624
15883,Fantasista Doll,"Fantasy, Magic, Sci-Fi",TV,12,6.24,18799,6.24,89.0432916219305,624
6918,Wolverine,"Action, Martial Arts, Super Power",TV,12,6.24,14989,6.24,90.7463189516086,624
28791,Gunslinger Stratos: The Animation,"Action, Sci-Fi",TV,12,6.23,47587,6.23,96.018111861234,623
32083,Luck &amp; Logic,"Action, Fantasy",TV,12,6.23,48314,6.23,82.8272728556338,623
1885,Master of Epic: The Animation Age,"Comedy, Fantasy, Game",TV,12,6.23,1139,6.23,88.6578878134584,623
12367,Shining Hearts: Shiawase no Pan,"Action, Fantasy",TV,12,6.21,27273,6.21,85.999305096645,621
16211,Bakumatsu Gijinden Roman,"Fantasy, Historical",TV,12,6.2,7816,6.2,88.7768690575277,620
23037,Bakumatsu Rock,"Action, Comedy, Historical, Music, Shoujo",TV,12,6.2,18680,6.2,88.8831961639254,620
19769,Mahou Sensou,"Action, Fantasy, Magic",TV,12,6.18,104192,6.18,84.9233443342261,618
545,Mousou Kagaku Series: Wandaba Style,"Comedy, Sci-Fi",TV,12,6.18,2077,6.18,87.6862451695467,618
624,Mouse,"Action, Comedy, Ecchi, Harem, Shounen",TV,12,6.17,10979,6.17,85.9813530764767,617
2476,School Days,"Drama, Harem, Romance, School",TV,12,6.17,279183,6.17,89.3819145601338,617
1349,A.D. Police (TV),"Action, Mecha, Sci-Fi, Shounen",TV,12,6.16,5547,6.16,93.1611205287717,616
32171,Ange Vierge,"Adventure, Fantasy, Magic, School",TV,12,6.16,21934,6.16,87.2241015354285,616
2245,Seraphim Call,"Drama, Romance, Sci-Fi",TV,12,6.15,2434,6.15,81.5589062315486,615
29974,"Diabolik Lovers More,Blood","Harem, School, Shoujo, Vampire",TV,12,6.13,37924,6.13,85.9170378010545,613
1167,Samurai Gun,"Action, Historical, Seinen",TV,12,6.12,5381,6.12,84.0938074606308,612
18205,World Fool News (TV),"Comedy, Slice of Life",TV,12,6.12,999,6.12,86.2222638163788,612
33392,Gakuen Handsome,"Comedy, Parody, School, Shounen Ai",TV,12,6.11,10696,6.11,87.6488212421714,611
29758,Taboo Tattoo,"Action, Comedy, Martial Arts, Mystery, Super Power, Supernatural",TV,12,6.11,99460,6.11,81.8423685628092,611
31827,Comet Lucifer: Garden Indigo no Shasou kara,"Adventure, Comedy, Fantasy",Special,12,6.1,2769,6.1,89.3215089542976,610
21067,Strange+,"Comedy, Shoujo, Slice of Life",TV,12,6.1,21006,6.1,82.2994653094166,610
25999,Minna Atsumare! Falcom Gakuen SC,"Comedy, Parody, School, Seinen",TV,12,6.09,1366,6.09,88.3211332229089,609
31890,Nurse Witch Komugi-chan R,"Comedy, Magic, Parody",TV,12,6.09,7376,6.09,82.7854638985523,609
4264,Ultraviolet: Code 044,"Action, Sci-Fi",TV,12,6.09,3784,6.09,86.0993438344541,609
321,Najica Dengeki Sakusen,"Action, Comedy, Ecchi, Sci-Fi",TV,12,6.08,9605,6.08,85.4120884008675,608
1769,Oh! Super Milk-chan,"Action, Comedy, Parody, Sci-Fi",TV,12,6.07,2757,6.07,85.3481458641468,607
31109,Hatsukoi Monster,"Comedy, Romance, School, Shoujo",TV,12,6.06,37238,6.06,81.8706320784105,606
1991,Juusou Kikou Dancougar Nova,Mecha,TV,12,6.06,3326,6.06,73.9178572270724,606
6798,Saa Ikou! Tamagotchi,Kids,TV,12,6.06,487,6.06,81.1965723806307,606
33775,Soul Buster,"Action, Samurai",TV,12,6.01,11086,6.01,78.9602762007494,601
31018,DD Hokuto no Ken 2 Ichigo Aji+,"Comedy, Parody, School, Seinen",TV,12,6.03,1695,6.03,84.9109721095982,603
24855,Girlfriend (Kari),"School, Slice of Life",TV,12,6.03,24338,6.03,82.2531231087433,603
10217,Kaitou Tenshi Twin Angel: Kyun Kyun☆Tokimeki Paradise!!,Magic,TV,12,6.03,4669,6.03,86.1057595329072,603
31793,Mahou Shoujo Nante Mou Ii Desukara.,"Comedy, Magic",TV,12,6.03,13654,6.03,92.2331558690644,603
31790,Active Raid: Kidou Kyoushuushitsu Dai Hachi Gakari,"Comedy, Mecha, Police, Sci-Fi",TV,12,6.02,37993,6.02,84.276171225883,602
17397,Cyclops Shoujo Saipuu,"Comedy, Ecchi, School, Slice of Life",ONA,12,6.02,15329,6.02,89.9356388141996,602
16317,Ishida to Asakura,"Comedy, School, Seinen",TV,12,6.02,9800,6.02,81.831859104362,602
17127,Chokkyuu Hyoudai Robot Anime: Straight Title,"Comedy, Mecha",TV,12,6.01,1399,6.01,83.3810169352606,601
31318,Comet Lucifer,"Action, Adventure, Fantasy, Mecha",TV,12,6,66659,6,84.2607481309858,600
11763,Sekai de Ichiban Tsuyoku Naritai!,"Action, Ecchi, Sports",TV,12,6,26513,6,84.2693104111793,600
33508,Si Ling Bianma: Zhi Shijie Caozong Zhe,"Fantasy, Game, Horror, Mystery, Parody, Psychological",ONA,12,5.99,563,5.99,87.5604844844363,599
12237,Koi-ken!: Watashitachi Anime ni Nacchatta!,"Ecchi, Music",ONA,12,5.98,3384,5.98,83.7256116927925,598
30746,Fushigi na Somera-chan,"Comedy, Magic, Slice of Life",TV,12,5.97,7988,5.97,83.9759375490399,597
33244,Kiitarou Shounen no Youkai Enikki,"Comedy, Supernatural",TV,12,5.97,11986,5.97,85.1436186127886,597
16405,Boku no Imouto wa &quot;Osaka Okan&quot;,Comedy,TV,12,5.96,12917,5.96,86.2987031025239,596
23551,Choboraunyopomi Gekijou Dai Ni Maku Ai Mai Mii: Mousou Catastrophe,"Comedy, Slice of Life",TV,12,5.95,6220,5.95,75.6482066232074,595
33985,Bloodivores,"Action, Supernatural, Vampire",TV,12,5.95,36827,5.95,87.960637206422,595
30499,Rolling☆Girls: Chibi☆Rolling☆Girls Korokoro Gekijou,Slice of Life,Special,12,5.95,2111,5.95,82.6034305065928,595
31777,Neko nanka Yondemo Konai.,"Seinen, Slice of Life",TV,12,5.93,623,5.93,84.8806346535817,593
7561,Kaitou Reinya,Comedy,TV,12,5.92,2087,5.92,85.0003408368373,592
26085,Military!,"Comedy, Ecchi, Military, Seinen, Slice of Life",TV,12,5.91,19761,5.91,77.4720159882527,591
33746,Anitore! XX,"Comedy, Sports",TV,12,5.89,6227,5.89,83.0788135840761,589
32454,Usakame,"Comedy, Shounen, Sports",TV,12,5.89,5941,5.89,84.9303209246012,589
31710,Divine Gate,"Action, Fantasy, Sci-Fi",TV,12,5.88,83271,5.88,82.4382655303152,588
1775,Jikuu Tenshou Nazca,"Action, Adventure, Drama, Fantasy, Magic",TV,12,5.88,3080,5.88,84.145596370908,588
4908,Bihada Ichizoku,"Drama, Parody, Shoujo",TV,12,5.87,2777,5.87,85.2589827559115,587
30091,Chaos Dragon: Sekiryuu Seneki,"Action, Fantasy, Supernatural",TV,12,5.86,62257,5.86,80.3960029933292,586
33771,Cheating Craft,"Action, Comedy, School",TV,12,5.86,23469,5.86,79.5666841536076,586
17267,Futari wa Milky Holmes,"Comedy, Mystery, Super Power",TV,12,5.85,6303,5.85,79.9894303497965,585
4929,Next Senki Ehrgeiz,"Action, Mecha, Sci-Fi",TV,12,5.84,472,5.84,85.5566141334266,584
1936,Misute♡naide Daisy,"Comedy, Romance, Sci-Fi",TV,12,5.83,720,5.83,81.6738470763676,583
31549,Peeping Life TV: Season 1??,"Comedy, Slice of Life",TV,12,5.83,1573,5.83,85.1260113665195,583
21821,Fuuun Ishin Dai☆Shogun,"Action, Historical, Mecha",TV,12,5.82,15758,5.82,81.9470472955701,582
17513,Diabolik Lovers,"Harem, School, Shoujo, Vampire",TV,12,5.81,107960,5.81,80.4415606060662,581
6947,Uchurei!,"Comedy, Sci-Fi, Slice of Life",TV,12,5.81,864,5.81,79.649470644962,581
32438,Mayoiga,"Drama, Horror, Mystery, Psychological",TV,12,5.8,117090,5.8,82.2021940558129,580
9561,Shokupan Mimi,Comedy,TV,12,5.8,803,5.8,75.1279515664808,580
33011,Kaijuu Girls: Ultra Kaijuu Gijinka Keikaku,"Comedy, Fantasy, Parody",ONA,12,5.99,3251,5.99,83.9409286966708,599
24011,Lance N&#039; Masques,Fantasy,TV,12,5.73,31827,5.73,82.8198357845374,573
354,UG☆Ultimate Girls,"Comedy, Ecchi, Magic, Sci-Fi",TV,12,5.73,6025,5.73,86.2594775740159,573
34013,Hagane Orchestra,"Adventure, Comedy",TV,12,5.69,1499,5.69,84.0941699944774,569
22225,Momo Kyun Sword,"Comedy, Ecchi, Fantasy",TV,12,5.69,19246,5.69,77.7057640542846,569
7721,Meat or Die,"Adventure, Comedy",ONA,12,5.66,161,5.66,82.1923826620358,566
30826,Suzakinishi the Animation,"Comedy, Slice of Life",TV,12,5.64,3190,5.64,81.5396809688136,564
33462,Bernard-jou Iwaku.,"Comedy, School",TV,12,5.63,9367,5.63,83.9170376845655,563
31519,Anitore! EX,"Comedy, Sports",TV,12,5.62,15005,5.62,76.6296552692446,562
17849,Sparrow&#039;s Hotel,Comedy,TV,12,5.59,6654,5.59,80.1080130328898,559
2364,Virus: Virus Buster Serge,"Action, Adventure, Mecha, Police, Sci-Fi",TV,12,5.59,2250,5.59,71.1801124199726,559
6491,Scandal,"Music, Slice of Life",ONA,12,5.56,1062,5.56,76.0715847808446,556
32084,"Watashitachi, Luck Logic-bu!","Comedy, School",TV,12,5.55,1417,5.55,80.5908642906275,555
17843,Inferno Cop: Fact Files,"Action, Comedy, Police",ONA,12,5.48,3846,5.48,76.4067451297879,548
31439,Wagamama High Spec,"Comedy, School",TV,12,5.48,19984,5.48,81.6287443266636,548
33245,Ame-iro Cocoa in Hawaii,"Comedy, Slice of Life",TV,12,5.47,2516,5.47,73.5013613987912,547
32697,Ozmafia!!,"Fantasy, Harem, Historical, Romance, Shoujo",TV,12,5.46,10290,5.46,78.600805231263,546
27927,Urawa no Usagi-chan,"Comedy, School, Slice of Life",TV,12,5.45,8554,5.45,77.2616798561221,545
14563,Maji de Otaku na English! Ribbon-chan: Eigo de Tatakau Mahou Shoujo,"Comedy, Magic",TV,12,5.36,3467,5.36,75.9056110774893,536
30782,Bikini Warriors,"Comedy, Ecchi, Fantasy, Parody",TV,12,5.34,35004,5.34,73.3832144466308,534
33113,Scared Rider Xechs,"Adventure, Harem, Romance, Sci-Fi",TV,12,5.32,12594,5.32,72.1307548806875,532
33572,Idol Memories,Music,TV,12,5.31,5027,5.31,72.2636888707034,531
2967,Saishuu Shiken Kujira,"Comedy, Ecchi, Mystery, School, Supernatural",ONA,12,5.26,3264,5.26,74.5224890481863,526
2232,Funny Pets,Comedy,TV,12,5.13,361,5.13,72.9215628333178,513
600,Legend of Duo,"Drama, Shounen Ai, Supernatural, Vampire",TV,12,5.13,6991,5.13,72.5183777133047,513
32400,KochinPa!,Comedy,TV,12,4.94,529,4.94,70.9386067669633,494
30705,Makura no Danshi,Shoujo,TV,12,4.93,19386,4.93,67.4703874308254,493
31139,Ame-iro Cocoa: Rainy Color e Youkoso!,"Comedy, Slice of Life",TV,12,4.92,5888,4.92,65.0125406351876,492
33690,Nazotokine,Game,TV,12,4.86,7284,4.86,70.3567361700522,486
28981,Ame-iro Cocoa,"Comedy, Slice of Life",TV,12,4.8,14295,4.8,68.5137558563455,480
16692,Jigoku Youchien,"Demons, Kids, School",ONA,12,4.73,1062,4.73,62.9721921674259,473
33021,Ragnastrike Angels,Action,TV,12,4.42,7365,4.42,58.5916427044614,442
1812,Hanoka,Sci-Fi,TV,12,4.27,1686,4.27,57.6229182032497,427
33394,Mahou Shoujo? Naria☆Girls,Magic,TV,12,3.91,3414,3.91,51.2017273363906,391
19315,Pupa,"Fantasy, Horror, Psychological",TV,12,3.82,83652,3.82,54.0389370073684,382
28929,Vampire Holmes,"Comedy, Mystery, Supernatural, Vampire",TV,12,3.63,10403,3.63,52.2870261158236,363
23149,47 Todoufuken R,"Comedy, Kids",TV,12,5.81,122,5.81,84.4056933445618,581
29843,Akuei to Gacchinpo: Tenkomori,"Comedy, Kids",TV,12,4.09,68,4.09,55.5945770222421,409
12951,AWOL,"Action, Military, Sci-Fi, Space",TV,12,5.33,293,5.33,77.1694880021655,533
18191,Boku wa Ou-sama (TV),Kids,TV,12,6.4,141,6.4,86.8605039528319,640
22755,Chikasugi Idol Akae-chan,"Comedy, Game, Parody",TV,12,4.28,112,4.28,58.7214337540106,428
13503,Cofun Gal no Coffy (TV),"Comedy, Parody",TV,12,6.9,77,6.9,96.1930229655787,690
8258,Damen&#039;s Walker,"Comedy, Romance",ONA,12,5.88,141,5.88,86.5602239919645,588
33759,Feng Wei Ying Xiong,"Action, Fantasy",ONA,12,7.19,53,7.19,103.306669257694,719
22345,Funny Pets 2nd Season,Comedy,TV,12,3.92,77,3.92,51.5125391144122,392
30861,Happy Bogeys,"",Movie,12,8.17,38,8.17,119.343001664123,817
33562,Heibai Wushang,"Action, Comedy, Supernatural",TV,12,7.6,216,7.6,106.178600435393,760
34222,Higanjima X,"Fantasy, Horror, Seinen, Vampire",ONA,12,5.14,160,5.14,69.0064337635189,514
7175,Himitsukessha Taka no Tsume Countdown,"Comedy, Parody, Super Power",TV,12,6.17,179,6.17,83.2068345304108,617
19965,Ikinari Dagon,"Adventure, Fantasy",TV,12,5.63,72,5.63,78.7324471198732,563
33387,Ippou Nippon Mukashibanashi,"Comedy, Fantasy",ONA,12,4.22,63,4.22,59.6786679612611,422
29748,Kabushiki Kaisha Zoo,"Comedy, Kids",TV,12,6.33,46,6.33,87.2318505243623,633
13819,Kamiusagi Rope 2,"Comedy, Slice of Life",Movie,12,5.41,100,5.41,78.071679093585,541
30150,Kamiusagi Rope 3,"Comedy, Slice of Life",Movie,12,4.67,104,4.67,68.0520960742027,467
22595,Kimezou no Kimarimonku Ja Kimaranee.,Comedy,ONA,12,4.91,64,4.91,63.2086431524949,491
22597,Kimezou no Kimarimonku Ja Kimaranee. Featuring Sabu-Otoko,Comedy,ONA,12,5,57,5,69.22665689968,500
30079,Kirin no Otenki Mama-san,Fantasy,Special,12,3.53,109,3.53,47.5537888676452,353
27519,Konna Watashitachi ga Nariyuki de Heroine ni Natta Kekka www (TV),"Comedy, Fantasy",TV,12,5.53,236,5.53,77.4373212886211,553
33123,Koto Nakare Hero Gingerman,Comedy,TV,12,3.8,39,3.8,53.3505599701912,380
6571,Koume-chan ga Iku!,"Comedy, Romance, Slice of Life",TV,12,5.9,375,5.9,82.2982178248294,590
13465,Little Charo: Touhoku-hen,Kids,TV,12,6.25,102,6.25,87.9666286932348,625
30906,Malta no Bouken,"Kids, Slice of Life",TV,12,5.33,34,5.33,72.7061637704263,533
10282,Manga Nippon Mukashibanashi,Historical,TV,12,5.95,174,5.95,85.5761323065157,595
21447,Meitantei Rascal,"Adventure, Kids, Mystery",TV,12,5.52,162,5.52,80.0382464159947,552
32999,"Neko mo, Onda-ke","Comedy, Slice of Life",TV,12,3.63,234,3.63,48.7335503328815,363
31562,Neko no Dayan: Nihon e Iku,Kids,TV,12,6.5,141,6.5,86.1200850543598,650
29844,Nekoronde TV.,Comedy,TV,12,4.55,46,4.55,63.7771354154083,455
12181,Nihon Omoshiro Mukashibanashi,"Comedy, Historical, Parody",TV,12,6.67,131,6.67,89.6853614827238,667
3514,Noramimi,Comedy,TV,12,6.9,406,6.9,97.3139937725517,690
22849,Nyamen,Comedy,TV,12,5.62,414,5.62,80.7327327474153,562
22541,Oniku Daisuki! Zeushi-kun,Comedy,TV,12,4.98,150,4.98,72.0961573512386,498
22593,Potecco Babies (2011),Comedy,ONA,12,4.85,118,4.85,66.7667038994135,485
33761,Qui Shui Yi Yun,"Horror, Mystery, Supernatural",ONA,12,7.25,83,7.25,105.975325655051,725
29471,Saikin Ponta,"Kids, Slice of Life",TV,12,6,62,6,83.739323048638,600
10850,Seibu Tetsudou Ekiin Tako-chan,"Comedy, Parody, Police, Slice of Life",ONA,12,4.12,99,4.12,60.779038122951,412
33760,Shen Ming Zhi Zhou,"Adventure, Fantasy",ONA,12,7,52,7,93.5779978060022,700
33193,Shi Wan Ge Leng Xiaohua,"Comedy, Parody",ONA,12,6.67,114,6.67,92.5693356075016,667
33757,Shuang Yue Zhi Chengi,"Military, Sci-Fi",ONA,12,5.75,81,5.75,76.7196615088056,575
11405,Skyers 5,"Action, Sci-Fi",TV,12,6.11,116,6.11,86.9200589136521,611
27373,Sore Ike! Anpanman: Otanjoubi Series,"Comedy, Fantasy, Kids",OVA,12,5.64,66,5.64,76.8005032233875,564
10989,Stray Sheep: Poe no Chicchana Daibouken,"Comedy, Kids",TV,12,5.61,113,5.61,77.8389373472819,561
29485,Talpy,"Fantasy, Kids",TV,12,8.25,38,8.25,113.840883202275,825
2930,Tensai? Dr. Hamax,Comedy,TV,12,4.33,88,4.33,62.499329721752,433
18919,The Midnight★Animal,"Action, Seinen, Supernatural",ONA,12,3.29,195,3.29,44.698192684443,329
33787,Usamaru,Comedy,ONA,12,5,54,5,71.7850452899872,500
5841,Yume wo Kanaeru Zou,Comedy,TV,12,5.92,160,5.92,81.1818016849076,592
12759,Zoku Zoku Mura no Obaketachi,Fantasy,OVA,12,6.33,76,6.33,89.472459418528,633
28833,Chain Chronicle: Haecceitas no Hikari,"Action, Adventure, Fantasy, Magic, Shounen",TV,12,,5678,,,
32152,Closers: Side Blacklambs,"Fantasy, Game",ONA,12,,2306,,,
33836,Seiren,School,TV,12,,6809,,,
34086,Tales of Zestiria the X (2017),"Action, Adventure, Fantasy",TV,12,,10848,,,
3559,Stringendo: Angel-tachi no Private Lesson,Hentai,OVA,12,7.55,7713,7.55,105.563648252443,755
4842,Doukyuusei 2 (OVA),Hentai,OVA,12,5.91,642,5.91,80.4704120455793,591
