anime_id,name,genre,type,episodes,rating,members,rating_10,rating_100,rating_1000
22777,Dragon Ball Kai (2014),"Action, Adventure, Comedy, Fantasy, Martial Arts, Shounen, Super Power",TV,61,8.01,42666,8.01,112.179500169722,801
2213,Black Jack (TV),Drama,TV,61,7.74,15552,7.74,106.364348185867,774
2037,Hime-chan no Ribbon,"Comedy, Fantasy, Magic, Romance, School, Shoujo",TV,61,7.54,3589,7.54,107.270232758053,754
2280,Hare Tokidoki Buta (TV),Comedy,TV,61,7.04,607,7.04,101.126093083232,704
3550,Midori no Makibao,"Comedy, Sports",TV,61,6.73,488,6.73,94.6506219137458,673
3915,Time Bokan,"Adventure, Comedy, Mecha",TV,61,6.73,835,6.73,94.9781857828734,673
6625,Nono-chan,"Comedy, Slice of Life",TV,61,6.65,367,6.65,98.3240525707092,665
3838,Himitsu no Akko-chan 2,"Magic, School, Shoujo",TV,61,6.42,375,6.42,91.7352661673779,642
27521,Gra-P &amp; Rodeo,"Comedy, Music",TV,61,5.6,163,5.6,77.6727194297333,560
