anime_id,name,genre,type,episodes,rating,members,rating_10,rating_100,rating_1000
1327,Aoki Densetsu Shoot!,"Action, Comedy, Drama, Romance, School, Shounen, Sports",TV,58,7.53,6937,7.53,103.342052424723,753
12651,Danball Senki W,"Action, Kids, Mecha",TV,58,7.3,2088,7.3,100.47330427828,730
3081,Attacker You!,"Action, Romance, Shoujo, Sports",TV,58,6.66,2733,6.66,88.8597155403696,666
8011,Time Bokan Series: Gyakuten Ippatsuman,"Action, Comedy, Mecha, Sci-Fi",TV,58,6.37,334,6.37,88.3155544392017,637
