anime_id,name,genre,type,episodes,rating,members,rating_10,rating_100,rating_1000
2685,Tsubasa: Tokyo Revelations,"Action, Adventure, Drama, Fantasy, Romance, Shounen",OVA,3,8.44,57963,8.44,115.325727228873,844
3901,Baccano! Specials,"Action, Comedy, Historical, Mystery, Seinen, Supernatural",Special,3,8.29,100412,8.29,113.745467384717,829
29893,Aria The Avvenire,"Fantasy, Sci-Fi, Shounen, Slice of Life",Special,3,8.2,9500,8.2,110.355110187031,820
32902,Mahoutsukai no Yome: Hoshi Matsu Hito,"Fantasy, Magic",OVA,3,8.18,43372,8.18,111.445827336755,818
1689,Byousoku 5 Centimeter,"Drama, Romance, Slice of Life",Movie,3,8.1,324035,8.1,114.97263306772,810
2143,Saiyuuki Reload: Burial,"Action, Adventure, Drama, Fantasy, Shoujo",OVA,3,8.07,6554,8.07,119.104151615348,807
9088,Saiyuuki Gaiden,"Action, Adventure, Drama, Fantasy, Shoujo",OVA,3,8.01,5843,8.01,108.995737508285,801
4872,Goku Sayonara Zetsubou Sensei,"Comedy, Parody, School",OVA,3,7.96,40358,7.96,110.983576606921,796
24471,Hoozuki no Reitetsu OVA,"Comedy, Fantasy, Supernatural",OVA,3,7.93,6073,7.93,108.27574959669,793
30370,Akatsuki no Yona OVA,"Action, Comedy, Fantasy, Shoujo",OVA,3,7.92,29398,7.92,108.570370319196,792
31380,To LOVE-Ru Darkness 2nd OVA,"Comedy, Ecchi, Harem, Romance, School, Sci-Fi, Shounen",OVA,3,7.91,18575,7.91,110.913753338063,791
33994,Servamp Specials,Comedy,Special,3,7.88,5973,7.88,107.99841526481,788
18397,Shingeki no Kyojin OVA,"Action, Drama, Fantasy, Shounen, Super Power",OVA,3,7.88,121063,7.88,114.612216474515,788
91,Mobile Suit Gundam Wing: Endless Waltz,"Action, Drama, Mecha, Military, Sci-Fi, Space",OVA,3,7.87,28485,7.87,113.906745696746,787
1462,Memories,"Drama, Horror, Psychological, Sci-Fi",Movie,3,7.84,38643,7.84,111.641743694554,784
1888,Ichigo Mashimaro OVA,"Comedy, School, Slice of Life",OVA,3,7.83,15085,7.83,112.220725090888,783
6984,Hidamari Sketch x 365 Specials,"Comedy, School, Slice of Life",Special,3,7.82,10720,7.82,110.221768921966,782
1011,Ranma ½ Super,"Adventure, Comedy, Martial Arts, Romance, Shounen, Supernatural",OVA,3,7.79,9936,7.79,107.276995235099,779
208,R.O.D OVA,"Action, Adventure, Historical, Magic, Mystery, Sci-Fi",OVA,3,7.78,41701,7.78,103.539429944346,778
9201,Air Gear: Kuro no Hane to Nemuri no Mori - Break on the Sky,"Action, Comedy, Ecchi, Shounen, Sports",OVA,3,7.77,40176,7.77,109.94537344399,777
7270,Mobile Suit Gundam 00 Special Edition,"Action, Drama, Mecha, Military, Sci-Fi",OVA,3,7.77,7087,7.77,106.703018846226,777
1813,Genshiken OVA,"Comedy, Parody, Slice of Life",OVA,3,7.74,35493,7.74,108.171942664653,774
25341,Diamond no Ace OVA,"Comedy, School, Shounen, Sports",OVA,3,7.72,7376,7.72,103.773894017565,772
10471,Ie Naki Ko Remi Specials,"Adventure, Drama",Special,3,7.72,781,7.72,106.934892194449,772
24781,Imawa no Kuni no Alice (OVA),"Action, Psychological, Shounen, Supernatural, Thriller",OVA,3,7.7,18351,7.7,108.848837663291,770
32015,Ajin OVA,"Action, Horror, Mystery, Seinen, Supernatural",OVA,3,7.68,15613,7.68,102.432464950672,768
4188,Mahou Sensei Negima! Shiroki Tsubasa Ala Alba,"Adventure, Comedy, Ecchi, Harem, Magic, Romance, Shounen, Supernatural, Vampire",OVA,3,7.68,15616,7.68,103.644747110734,768
8995,Tales of Symphonia The Animation: Sekai Tougou-hen,"Action, Adventure, Fantasy, Magic, Martial Arts, Shounen",OVA,3,7.66,14036,7.66,108.07407832535,766
1488,Area 88,"Action, Adventure, Drama, Military, Romance",OVA,3,7.65,6645,7.65,106.547148144472,765
2424,Cardcaptor Sakura Specials,Comedy,Special,3,7.62,18604,7.62,112.881487205994,762
31327,Shokugeki no Souma OVA,"Ecchi, School, Shounen",OVA,3,7.62,24456,7.62,106.887512822973,762
18499,Yozakura Quartet: Tsuki ni Naku,"Action, Comedy, Magic, Shounen, Super Power, Supernatural",OVA,3,7.62,13790,7.62,106.809479917948,762
1003,Aa! Megami-sama! (TV) Specials,"Comedy, Magic, Romance, Seinen, Supernatural",Special,3,7.61,19257,7.61,107.751497621432,761
9023,Katekyo Hitman Reborn!: Mr. Rebokku no Ciao Ciao Interview,Comedy,Special,3,7.59,12153,7.59,104.951546191059,759
24227,Nisekoi OVA,"Comedy, Harem, Romance, School, Shounen",OVA,3,7.57,65287,7.57,105.88212956085,757
9865,Hetalia Axis Powers Fan Disc,"Comedy, Historical, Parody",OVA,3,7.56,8070,7.56,105.344194563228,756
32930,Fairy Tail OVA (2016),"Comedy, Ecchi, Fantasy, Magic, Shounen",OVA,3,7.55,19464,7.55,105.095922422556,755
13267,Shinryaku!! Ika Musume,"Comedy, Shounen, Slice of Life",OVA,3,7.55,13456,7.55,110.458472529031,755
8481,&quot;Bungaku Shoujo&quot; Memoire,"Drama, Romance, School",OVA,3,7.54,18013,7.54,103.228792435564,754
31158,Hetalia: The World Twinkle Specials,"Comedy, Historical, Parody",Special,3,7.5,2505,7.5,101.567729730844,750
3268,Mai-Otome 0: S.ifr,Sci-Fi,OVA,3,7.49,11171,7.49,102.42436921165,749
23725,Strike Witches: Operation Victory Arrow,"Action, Ecchi, Magic, Military, Sci-Fi",OVA,3,7.49,11203,7.49,106.912252747227,749
1170,Slayers Special,"Adventure, Comedy, Fantasy, Magic, Shounen, Supernatural",OVA,3,7.47,12820,7.47,99.9361099992669,747
8457,Yozakura Quartet: Hoshi no Umi,"Action, Comedy, Magic, Shounen, Super Power, Supernatural",OVA,3,7.47,22065,7.47,103.113608296349,747
4138,Chiisana Pengin: Lolo no Bouken,"Adventure, Drama, Fantasy, Kids, Slice of Life",OVA,3,7.46,1459,7.46,102.828260021466,746
2269,Mobile Suit Gundam Seed Special Edition,"Action, Mecha, Military, Sci-Fi, Space",Special,3,7.46,7118,7.46,103.041540923309,746
9611,Aa! Megami-sama! (2011),"Comedy, Magic, Romance, Seinen, Supernatural",OVA,3,7.45,12872,7.45,109.436813025082,745
3076,Bishoujo Senshi Sailor Moon SuperS Special,"Magic, Romance, Shoujo",Special,3,7.45,12317,7.45,108.20199271103,745
908,Fullmetal Alchemist: Premium Collection,"Comedy, Fantasy, Shounen",OVA,3,7.45,44313,7.45,104.414192949393,745
14753,Hori-san to Miyamura-kun,"Comedy, Romance, School, Shounen",OVA,3,7.43,26535,7.43,104.986801660084,743
108,Ou Dorobou Jing in Seventh Heaven,"Adventure, Comedy, Fantasy, Psychological, Shounen",OVA,3,7.43,8561,7.43,106.619061171491,743
1171,Slayers Excellent,"Adventure, Comedy, Demons, Fantasy, Magic, Shounen, Supernatural",OVA,3,7.43,13842,7.43,100.439360928143,743
10536,Kimi ni Todoke 2nd Season Specials,"Comedy, Romance, Shoujo",Special,3,7.42,23498,7.42,102.682251163846,742
13931,Bishoujo Senshi Sailor Moon: Sailor Stars - Hero Club,"Adventure, Comedy, Drama, Fantasy, Magic, Romance, Shoujo",OVA,3,7.39,4238,7.39,97.4591774689408,739
11077,Hellsing: The Dawn,"Action, Horror, Seinen, Supernatural, Vampire",Special,3,7.37,40548,7.37,107.630940656305,737
9332,.hack//Quantum,"Action, Adventure, Fantasy, Game, Sci-Fi",OVA,3,7.36,26163,7.36,103.056512254384,736
190,Love Hina Again,"Comedy, Drama, Ecchi, Romance, Shounen",OVA,3,7.36,61154,7.36,105.237985044283,736
2500,The Cockpit,"Historical, Military",OVA,3,7.35,5053,7.35,106.713794110178,735
3956,Shakugan no Shana II (Second) Specials,"Comedy, Parody",Special,3,7.33,34305,7.33,95.9985930868526,733
3734,Glass no Kamen: Sen no Kamen wo Motsu Shoujo,"Drama, Shoujo",OVA,3,7.32,1248,7.32,107.089162103898,732
4195,Kodomo no Jikan: Ni Gakki,"Comedy, Ecchi, School",OVA,3,7.32,20256,7.32,105.353419116215,732
14835,The iDOLM@STER Shiny Festa,"Comedy, Drama, Music",OVA,3,7.32,9893,7.32,100.627250447402,732
2745,Jigoku Sensei Nube OVA,"Action, Comedy, Demons, Horror, School, Shounen, Supernatural",OVA,3,7.3,1426,7.3,103.259439804674,730
3593,Utawarerumono OVA,"Action, Comedy, Fantasy",OVA,3,7.29,13738,7.29,105.927733720829,729
1352,Cyber City Oedo 808,"Action, Adventure, Police, Sci-Fi",OVA,3,7.27,8970,7.27,103.227770345247,727
650,Gunsmith Cats,"Action, Comedy, Police, Seinen",OVA,3,7.27,15176,7.27,106.531538453659,727
27539,Pikmin Short Movies,"Fantasy, Kids",Movie,3,7.27,406,7.27,107.20945861445,727
380,Fushigi Yuugi OVA,"Adventure, Comedy, Fantasy, Historical, Romance, Shoujo",OVA,3,7.26,14863,7.26,102.632983025178,726
23153,Hayate no Gotoku! OVA,"Comedy, Harem, Parody, Romance, Shounen",OVA,3,7.26,6001,7.26,101.212644049445,726
3121,Kodomo no Jikan OVA,"Comedy, Ecchi, School",OVA,3,7.23,20376,7.23,98.2514006544579,723
1215,Mobile Suit Gundam Seed C.E.73: Stargazer,"Mecha, Military, Sci-Fi, Space",ONA,3,7.23,15203,7.23,100.80599107656,723
9159,Kaibutsu Oujo (OVA),"Action, Comedy, Horror, Shounen, Supernatural",OVA,3,7.21,8690,7.21,100.402261760057,721
367,Akazukin Chacha OVA,"Comedy, Fantasy, Magic",OVA,3,7.2,1659,7.2,106.987930349249,720
24171,Mushibugyou OVA,"Action, Fantasy, Historical, Martial Arts, Samurai, Shounen, Super Power",OVA,3,7.2,3636,7.2,100.345060745194,720
12709,Tales of Symphonia The Animation: Sekai Tougou-hen Specials,Comedy,Special,3,7.19,3692,7.19,101.137722521701,719
2797,Koukou Tekken-den Tough,"Action, Martial Arts, Shounen",OVA,3,7.18,2398,7.18,96.3018357291303,718
8666,Mazinkaiser SKL,"Adventure, Comedy, Mecha, Sci-Fi, Shounen",OVA,3,7.16,6941,7.16,97.504679564599,716
151,Re: Cutie Honey,"Action, Comedy, Ecchi, Sci-Fi, Shoujo Ai",OVA,3,7.16,10378,7.16,102.535384318825,716
1020,Honoo no Mirage: Minagiwa no Hangyakusha,"Action, Drama, Historical, Romance, Shoujo, Shounen Ai, Supernatural",OVA,3,7.15,6006,7.15,102.62734469639,715
1225,3x3 Eyes Seima Densetsu,"Action, Adventure, Demons, Fantasy, Horror, Romance",OVA,3,7.13,8892,7.13,96.2643586494144,713
10276,Prince of Tennis: Mini Theater,Comedy,Special,3,7.13,3010,7.13,107.335008841219,713
12321,Thermae Romae,"Comedy, Historical, Seinen",TV,3,7.13,13444,7.13,102.11209655878,713
1916,Mobile Suit Gundam MS IGLOO: Apocalypse 0079,"Mecha, Military, Sci-Fi, Space",OVA,3,7.12,7862,7.12,103.394410208663,712
6946,Mudazumo Naki Kaikaku: The Legend of Koizumi,"Comedy, Game, Parody, Seinen",OVA,3,7.11,8682,7.11,95.2895933998453,711
1869,Nana Recaps,"Comedy, Drama, Music, Romance, Shoujo, Slice of Life",Special,3,7.1,11447,7.1,102.658226453816,710
10950,Ghost in the Shell: Stand Alone Complex - Solid State Society 3D - Tachikoma no Hibi,"Comedy, Mecha, Sci-Fi",Special,3,7.07,3121,7.07,103.198021996819,707
1399,Macross 7 Encore,"Action, Comedy, Drama, Mecha, Music, Sci-Fi, Shounen",OVA,3,7.07,5616,7.07,94.291592505229,707
2692,CB Chara Go Nagai World,"Action, Comedy, Parody",OVA,3,7.05,989,7.05,96.4497202263352,705
1489,Renkin San-kyuu Magical? Pokaan Specials,"Comedy, Ecchi, Magic, Parody, Vampire",Special,3,7.05,4684,7.05,95.2412457340902,705
1720,To Heart 2 OVA,"Comedy, Drama, Harem, Romance, School",OVA,3,7.05,4754,7.05,96.8619058308734,705
1951,Manie-Manie: Meikyuu Monogatari,"Adventure, Fantasy, Horror, Sci-Fi, Supernatural",Movie,3,7.04,9568,7.04,95.8157156963203,704
4232,Mobile Suit Gundam MS IGLOO 2: Gravity of the Battlefront,"Mecha, Sci-Fi",OVA,3,7.04,6864,7.04,98.9433194411635,704
12591,Ojamajo Doremi OVA,"Kids, Magic",OVA,3,7.04,799,7.04,101.938459237534,704
1357,Shin Hokuto no Ken,"Action, Martial Arts, Sci-Fi, Shounen",OVA,3,7.04,6426,7.04,100.282780446226,704
1954,Rayearth,"Action, Adventure, Fantasy",OVA,3,7.03,9637,7.03,100.830463454367,703
5755,Aoki Ryuusei SPT Layzner OVA,"Action, Mecha, Military, Sci-Fi, Shounen, Space",OVA,3,7.01,740,7.01,98.00669959502,701
514,Cossette no Shouzou,"Drama, Horror, Magic, Psychological, Romance, Supernatural",OVA,3,7,40318,7,99.9036486301662,700
1917,Mobile Suit Gundam MS IGLOO: The Hidden One Year War,"Mecha, Military, Sci-Fi, Space",OVA,3,7,8274,7,99.5046954590203,700
8800,Senkou no Night Raid Specials,"Action, Historical, Military, Super Power",Special,3,6.99,3667,6.99,94.585532057425,699
262,Happy☆Lesson: The Final,"Comedy, Harem, Romance, School",OVA,3,6.96,6371,6.96,102.356945515877,696
9988,Otome wa Boku ni Koishiteru: Futari no Elder,"Drama, Romance, School",OVA,3,6.96,10579,6.96,101.423570193379,696
3086,Strait Jacket,"Action, Fantasy, Sci-Fi",OVA,3,6.95,18975,6.95,102.713055550096,695
6726,Hanasakeru Seishounen Recaps,"Drama, Romance, Shoujo",Special,3,6.93,2686,6.93,97.8671621810994,693
2212,Bakuretsu Tenshi: Infinity Specials,"Action, Mecha, Sci-Fi",Special,3,6.92,4678,6.92,101.449691056247,692
15633,Code:Breaker OVA,"Action, Comedy, Ecchi, School, Shounen, Super Power, Supernatural",OVA,3,6.91,17814,6.91,97.6854544399549,691
3948,Mahou Sensei Negima! Introduction Film,"Action, Comedy, Ecchi, Harem, Romance, Supernatural",OVA,3,6.91,6355,6.91,102.191306485064,691
5037,Terra e... (TV) Specials,"Adventure, Drama, Sci-Fi",Special,3,6.91,1990,6.91,98.7738534275198,691
23405,Tokyo Ravens: Kon ga Oshiete Moshi Agemasu! Maru Wakari Tokyo Ravens,"Shounen, Supernatural",ONA,3,6.91,5949,6.91,97.125230444224,691
1169,Green Legend Ran,"Adventure, Drama, Sci-Fi",OVA,3,6.9,2908,6.9,96.5799972809166,690
25897,Love Live! School Idol Project: μ&#039;s →NEXT LoveLive! 2014 - Endless Parade Makuai Drama,Comedy,Special,3,6.87,5282,6.87,98.4136690958893,687
3028,Cluster Edge Specials,"Action, Fantasy, Military, Sci-Fi",Special,3,6.86,927,6.86,95.2908890220037,686
15895,Hiyokoi (2012),"Romance, School, Shoujo",Special,3,6.86,13168,6.86,96.9388390598878,686
6245,Spirit of Wonder: China-san Tanpenshuu,"Comedy, Sci-Fi, Seinen",Special,3,6.86,861,6.86,95.1990997406758,686
22661,One Piece: Cry Heart,"Fantasy, Shounen",Special,3,6.85,3417,6.85,94.5118766565803,685
797,Hanaukyou Maid-tai OVA,"Comedy, Ecchi, Harem, Romance",OVA,3,6.82,6586,6.82,95.7822488343857,682
26063,Kaibutsu Oujo (OVA) Specials,"Adventure, Comedy, Horror, Shounen, Supernatural",Special,3,6.82,922,6.82,99.214853999316,682
31050,Cyborg 009 VS Devilman,"Action, Demons, Sci-Fi, Shounen, Super Power, Supernatural",OVA,3,6.81,3081,6.81,96.5121677105162,681
9040,Mokei Senshi Gunpla Builders Beginning G,"Action, Mecha, Sci-Fi, Shounen",Special,3,6.81,2995,6.81,100.421735056263,681
1904,Harukanaru Toki no Naka de 2: Shiroki Ryuu no Miko,"Demons, Fantasy, Historical, Magic, Romance, Shoujo, Supernatural",OVA,3,6.8,2051,6.8,89.0936339310312,680
1544,Super Robot Taisen OG The Animation,"Mecha, Sci-Fi, Shounen, Space",OVA,3,6.79,2653,6.79,90.8140708787754,679
3085,Koharu Biyori,"Comedy, Ecchi, Sci-Fi",OVA,3,6.78,14560,6.78,91.012531737596,678
17933,Pyuu to Fuku! Jaguar,"Comedy, Music, Shounen",OVA,3,6.78,312,6.78,89.5548013886534,678
12991,Katte ni Kaizou Specials,"Comedy, Parody, School, Sci-Fi, Shounen",Special,3,6.77,1736,6.77,93.0375890575192,677
23499,Gakumon!: Ookami Shoujo wa Kujikenai,"Comedy, School, Shounen",ONA,3,6.75,1477,6.75,94.4158766657585,675
3265,Princess Tutu Recaps,"Comedy, Magic, Romance, Shoujo",Special,3,6.75,3999,6.75,97.0081947499358,675
679,Shadow Skill (1996),"Adventure, Drama, Fantasy, Shounen",OVA,3,6.75,3210,6.75,94.8552401483252,675
10390,.hack//Quantum: Sore ike! Bokura no Chimuchimu-chan!!,"Comedy, Game",Special,3,6.73,5249,6.73,93.806093716335,673
1187,DNA² OVA,"Comedy, Drama, Sci-Fi",OVA,3,6.73,8003,6.73,90.4135593672613,673
10949,Ghost in the Shell: Stand Alone Complex - Tachikoma no Hibi Fan Disc,"Comedy, Mecha, Sci-Fi",Special,3,6.73,3159,6.73,93.1750149213391,673
1232,Saber Marionette R,"Action, Comedy, Harem, Mecha, Sci-Fi",OVA,3,6.73,4928,6.73,95.033123511113,673
808,Bakuretsu Hunters OVA,"Action, Adventure, Comedy, Ecchi, Fantasy, Harem, Magic, Romance, Shounen, Super Power",OVA,3,6.72,3686,6.72,97.5389117872851,672
2733,Mobile Police Patlabor: MiniPato,Parody,OVA,3,6.72,1831,6.72,86.622298141801,672
3641,Naisho no Tsubomi,"Kids, Romance, School, Shoujo, Slice of Life, Supernatural",OVA,3,6.72,5135,6.72,92.7083224928166,672
2086,NG Knight Ramune &amp; 40 DX: Wakuwaku Jikuu - Honoo no Daisousasen,"Adventure, Comedy, Fantasy, Shounen",OVA,3,6.7,421,6.7,97.2332606226731,670
33173,Sansha Sanyou Specials,"Comedy, School, Slice of Life",Special,3,6.7,2177,6.7,91.2060340621338,670
1350,Parasite Dolls,"Action, Mecha, Police, Sci-Fi",OVA,3,6.69,6156,6.69,95.0513836530805,669
1178,Detonator Orgun,"Action, Mecha, Sci-Fi",OVA,3,6.68,2809,6.68,90.9810671594822,668
31675,Haikyuu!! Quest Picture Drama,"Comedy, Fantasy, Game, Shounen",OVA,3,6.68,3297,6.68,94.5006830191317,668
1348,Bubblegum Crash,"Action, Adventure, Mecha, Sci-Fi, Shounen",OVA,3,6.67,4826,6.67,93.282979687165,667
1085,Interlude,"Adventure, Horror, Mystery",OVA,3,6.67,7573,6.67,91.0400275635164,667
31593,Rokka no Yuusha Picture Drama,"Action, Adventure, Fantasy, Magic, Mystery",Special,3,6.68,3912,6.68,93.1917214890151,668
3389,Bus Gamer,Action,TV,3,6.66,20550,6.66,92.3284012214738,666
438,Phantom The Animation,"Action, Drama, Shounen",OVA,3,6.66,9285,6.66,93.2794321465622,666
715,Yume de Aetara,"Comedy, Drama, Ecchi, Romance, Seinen",OVA,3,6.66,2703,6.66,94.5083202610174,666
12885,Dynamic Super Robots Soushingekki,"Action, Mecha, Sci-Fi, Shounen",Special,3,6.64,507,6.64,92.2291349963137,664
6368,Legend of Regios,Magic,Special,3,6.64,6194,6.64,94.3751582463818,664
10917,Pokemon: Pikachu no Fuyuyasumi (2001),"Adventure, Comedy, Fantasy, Kids",OVA,3,6.64,4079,6.64,87.2730705126665,664
6885,Sora no Manimani Specials,"Comedy, School, Slice of Life",Special,3,6.64,4444,6.64,94.9859129548561,664
6657,Joshikousei: Girl&#039;s High Specials,"Comedy, Slice of Life",Special,3,6.63,2920,6.63,92.1086875928147,663
24175,Nozo x Kimi,"Comedy, Ecchi, Romance, School, Shounen",OVA,3,6.63,13526,6.63,95.2604089501788,663
18857,Ore no Imouto ga Konnani Kawaii Wake ga Nai. Specials,"Comedy, Romance, Seinen, Slice of Life",ONA,3,6.62,70559,6.62,92.3501229323937,662
12351,eX-Driver the Movie Specials,Comedy,Special,3,6.61,497,6.61,88.3805528430373,661
7124,Madou King Granzort: Bouken-hen,"Action, Comedy, Fantasy, Magic, Mecha, Sci-Fi, Shounen",OVA,3,6.61,196,6.61,98.8284385851112,661
1964,Sakura Taisen: Ecole de Paris,"Action, Adventure, Game, Harem, Mecha, Sci-Fi",OVA,3,6.61,2201,6.61,93.658786370844,661
999,Blue Seed 2,"Action, Comedy, Drama, Ecchi, Horror, Mystery, Sci-Fi, Supernatural",OVA,3,6.6,3790,6.6,91.6242401517378,660
13251,Shin Hikari Shinwa: Palutena no Kagami,"Adventure, Comedy, Fantasy",ONA,3,6.6,1763,6.6,92.9110334786867,660
3154,Gatchaman,"Action, Adventure, Martial Arts, Sci-Fi, Shounen, Super Power",OVA,3,6.59,1407,6.59,93.6927155239107,659
1854,Rockman Hoshi ni Negai wo,"Action, Adventure, Sci-Fi",OVA,3,6.59,1979,6.59,93.3606796621836,659
562,Sakura Taisen: Le Nouveau Paris,"Adventure, Mecha, Sci-Fi, Shounen",OVA,3,6.59,1608,6.59,93.2796259848463,659
9421,SMAnime,"Action, Seinen",OVA,3,6.58,246,6.58,94.3451543577568,658
2881,Chinmoku no Kantai,"Drama, Military",OVA,3,6.57,924,6.57,93.7224643779294,657
7601,Mashin Eiyuuden Wataru: Owarinaki Toki no Monogatari,Fantasy,OVA,3,6.56,318,6.56,92.7257528187488,656
10595,VitaminX Addiction,"Romance, School",OVA,3,6.56,1428,6.56,90.978606169646,656
3401,Aru Tabibito no Nikki Specials,"Adventure, Fantasy",Special,3,6.55,5473,6.55,95.1195076192423,655
27907,Gundam Build Fighters Specials,"Comedy, Mecha",Special,3,6.55,1795,6.55,92.5186353920344,655
19799,Robot Girls Z,"Comedy, Mecha, Parody",Special,3,6.55,12212,6.55,89.7957844834017,655
1900,Twin Signal: Family Game,"Action, Comedy, Mecha, Sci-Fi",OVA,3,6.55,1026,6.55,88.0744142967428,655
2535,Angelique: Seichi yori Ai wo Komete,"Adventure, Comedy, Drama, Fantasy, Romance, Sci-Fi, Shoujo",OVA,3,6.54,1946,6.54,91.540625406409,654
2534,Angelique,"Drama, Fantasy, Romance, Sci-Fi, Shoujo",OVA,3,6.53,3523,6.53,89.5713462087942,653
2064,Gall Force: Chikyuu Shou,"Action, Mecha, Military, Sci-Fi",OVA,3,6.53,1098,6.53,88.2816815663764,653
4085,Yonimo Osoroshii Grimm Douwa,"Dementia, Horror, Psychological",OVA,3,6.53,683,6.53,94.3158915274416,653
2302,Mobile Suit SD Gundam Mk I,"Mecha, Parody, Sci-Fi",Special,3,6.52,2371,6.52,86.4294306558652,652
6743,Utawarerumono OVA Picture Drama,"Comedy, Fantasy",Special,3,6.52,3359,6.52,91.5863948071076,652
1918,Mahou Shoujo Pretty Sammy,"Comedy, Fantasy, Magic, Parody",OVA,3,6.51,4327,6.51,86.7326680709556,651
2303,Mobile Suit SD Gundam Mk II,"Mecha, Parody, Sci-Fi",OVA,3,6.5,2112,6.5,86.1448282277768,650
4537,Yagami-kun no Katei no Jijou,Comedy,OVA,3,6.5,647,6.5,93.0357569240547,650
1158,Geobreeders: File-X Chibi Neko Dakkan,"Adventure, Comedy, Shounen, Supernatural",OVA,3,6.49,1636,6.49,92.6948565451811,649
30246,Space☆Dandy 2nd Season Picture Drama,"Comedy, Sci-Fi, Space",Special,3,6.49,1150,6.49,92.7104060740062,649
2085,NG Knight Ramune &amp; 40 EX: Biku Biku Triangle Ai no Arashi Daisakusen,"Adventure, Comedy, Fantasy, Mecha, Shounen",OVA,3,6.48,440,6.48,90.4960068964794,648
2052,Nozomi Witches,"Romance, Sports",OVA,3,6.48,556,6.48,88.7866536382302,648
3065,Ozanari Dungeon: Kaze no Tou,"Action, Adventure, Comedy, Fantasy",OVA,3,6.48,635,6.48,87.6811795356725,648
24763,Robot Girls Z Specials,"Comedy, Mecha, Parody",Special,3,6.48,1592,6.48,94.2197075844211,648
28603,Shakugan no Shana: Naze Nani Shana! Nandemo Shitsumonbako! Special,"Comedy, Fantasy, Supernatural",Special,3,6.48,2190,6.48,97.1911604502724,648
1346,AD Police,"Adventure, Dementia, Mecha, Mystery, Police, Psychological, Sci-Fi, Thriller",OVA,3,6.47,6112,6.47,93.5048638605763,647
9121,Heroman Specials,"Action, Sci-Fi, Shounen",Special,3,6.47,1879,6.47,91.9039982260514,647
1671,Soreyuke! Uchuu Senkan Yamamoto Yohko II,"Action, Adventure, Sci-Fi",OVA,3,6.47,1099,6.47,90.5618253229401,647
51,Tenshi Kinryouku,"Action, Drama, Romance, Shoujo, Supernatural",OVA,3,6.46,36352,6.46,88.8953167608298,646
362,Memories Off 2nd,"Drama, Romance",OVA,3,6.45,2750,6.45,87.1102943136145,645
1701,Boku no Marie,"Comedy, Ecchi, Romance, Sci-Fi, Seinen",OVA,3,6.44,2186,6.44,92.8264315000478,644
458,Buttobi!! CPU,"Comedy, Ecchi, Magic, Sci-Fi, Seinen",OVA,3,6.44,3968,6.44,92.7856132747668,644
31750,TV-ban Pokemon Special Masara Town-hen Soushuuhen,"Action, Adventure, Comedy, Fantasy, Kids",OVA,3,6.43,485,6.43,89.7905192721231,643
33056,Buddy Go!,"Comedy, Romance, Shoujo",Special,3,6.42,1415,6.42,93.308221234769,642
23985,Futari Ecchi (2014),"Comedy, Ecchi, Romance, Seinen, Slice of Life",OVA,3,6.41,3479,6.41,90.9142248083432,641
1679,Green Green Specials,"Comedy, Ecchi, Romance, Slice of Life",OVA,3,6.41,7526,6.41,90.8224287554489,641
8985,Yojouhan Shinwa Taikei Specials,Comedy,Special,3,6.41,10005,6.41,88.1992786086629,641
2474,Ginga Ojousama Densetsu Yuna: Shin&#039;en no Fairy,"Action, Adventure, Comedy, Magic, Mecha, Sci-Fi",OVA,3,6.4,1256,6.4,94.5701611966795,640
21077,Kakumeiki Valvrave Recaps,"Action, Mecha",ONA,3,6.39,1924,6.39,88.3604088602296,639
33247,Tsubasa to Hotaru (2016),"Romance, School, Shoujo",Special,3,6.4,1411,6.4,93.7115125487667,640
17167,Akai Koudan Zillion Specials,"Adventure, Sci-Fi, Shounen",Special,3,6.38,262,6.38,91.4129401238905,638
15717,Nagareboshi Lens Specials,"Romance, Shoujo",Special,3,6.38,1557,6.38,92.2997841571028,638
4014,Choujin Locke: Lord Leon,"Action, Sci-Fi, Super Power",OVA,3,6.37,483,6.37,92.4124565853754,637
2739,Highschool Aurabuster: Hikari no Mezame,"Drama, Fantasy, Super Power",OVA,3,6.36,347,6.36,89.3513591481415,636
24531,Ane Log: Moyako Neesan no Tomaranai Monologue,"Comedy, Ecchi, School, Shounen",OVA,3,6.35,9588,6.35,85.2055288017426,635
547,Wind: A Breath of Heart OVA,"Drama, Romance, School, Supernatural",OVA,3,6.35,2043,6.35,89.5054578604746,635
1850,Haou Daikei Ryuu Knight: Adeu Legend II,"Action, Adventure, Fantasy, Mecha",OVA,3,6.34,430,6.34,85.2660556758863,634
1100,Soreyuke! Uchuu Senkan Yamamoto Yohko,"Adventure, Comedy, Sci-Fi",OVA,3,6.33,1735,6.33,87.0309040772263,633
12131,30-sai no Hoken Taiiku Specials,"Ecchi, Parody, Romance, Seinen",Special,3,6.31,3073,6.31,91.1241078429754,631
2068,Sousei Kishi Gaiarth,"Action, Adventure, Mecha, Sci-Fi",OVA,3,6.31,1104,6.31,93.1654788749774,631
33808,Girlfriend (Note),"Music, School",ONA,3,6.28,1942,6.28,83.7932783327969,628
498,Haja Taisei Dangaiou,"Action, Adventure, Mecha, Sci-Fi",OVA,3,6.27,2350,6.27,89.285135880111,627
4484,"Umi no Yami, Tsuki no Kage","Drama, Horror, Romance",OVA,3,6.27,483,6.27,86.5877503399722,627
33902,Suntory Minami Alps no Tennen Mizu,"Drama, School",Special,3,6.26,3700,6.26,80.6479847378205,626
748,True Love Story,Romance,OVA,3,6.24,3409,6.24,91.8039386828189,624
9043,Majuu Sensen,"Action, Fantasy",OVA,3,6.23,320,6.23,82.2133174430489,623
3595,Kujakuou,"Action, Demons, Horror",OVA,3,6.22,949,6.22,83.9772844853118,622
2693,Detatoko Princess,"Comedy, Fantasy",OVA,3,6.21,1220,6.21,88.2024203864392,621
2322,Giant Robo Gaiden Ginrei,"Comedy, Ecchi, Mecha, Parody, Sci-Fi, Shounen, Super Power",OVA,3,6.21,2223,6.21,89.0720673481352,621
556,Koutetsu Tenshi Kurumi Zero,"Drama, Romance, Sci-Fi",OVA,3,6.21,3896,6.21,82.4506457861435,621
669,Kujibiki Unbalance,"Comedy, Romance, School",OVA,3,6.21,8291,6.21,84.9024433092761,621
3600,Sengoku Kitan Youtouden,"Action, Demons, Martial Arts",OVA,3,6.2,982,6.2,83.9031840133916,620
10751,Kikou Kai Galient OVA,"Action, Fantasy, Mecha, Sci-Fi",OVA,3,6.19,328,6.19,88.8936883260958,619
21587,Mou Hitotsu no Mirai wo.,Sci-Fi,ONA,3,6.19,6580,6.19,82.7173346227102,619
31111,Nisshin Seifun Group CM,"Kids, Slice of Life",Special,3,6.18,380,6.18,89.5348888973868,618
28811,Last Exile: Doyou no Asa,"Comedy, Parody, Sci-Fi",Special,3,6.17,626,6.17,89.5389758413802,617
2291,Tatakae!! Iczer-1,"Action, Adventure, Ecchi, Mecha, Sci-Fi",OVA,3,6.16,3126,6.16,77.8588490220365,616
9445,Gunparade Orchestra OVA,Mecha,OVA,3,6.15,394,6.15,94.1994613590364,615
2095,Salamander,"Adventure, Sci-Fi",OVA,3,6.15,597,6.15,82.564480002058,615
3764,Chouon Senshi Borgman 2: Shin Seiki 2058,"Action, Demons, Sci-Fi, Shounen",OVA,3,6.14,319,6.14,83.8446591205874,614
2754,Cleopatra D.C.,"Action, Adventure, Sci-Fi",OVA,3,6.14,1074,6.14,91.5494898854339,614
24817,Fantasista Stella,"Shounen, Sports",OVA,3,6.13,486,6.13,87.5925782737956,613
2163,AIKa R-16: Virgin Mission,"Action, Comedy, Ecchi",OVA,3,6.12,13346,6.12,85.392762754371,612
1284,Houma Hunter Lime,"Comedy, Fantasy",OVA,3,6.12,945,6.12,86.5674527557595,612
9829,Yonimo Osoroshii Nihon Mukashibanashi,"Dementia, Horror, Psychological",OVA,3,6.12,655,6.12,87.1690327858952,612
319,Happy World!,"Comedy, Ecchi, Fantasy, Romance",OVA,3,6.11,4348,6.11,86.5747203926297,611
1150,Legend of Crystania OVA,"Action, Adventure, Fantasy, Magic, Supernatural",OVA,3,6.11,2521,6.11,86.4888992340976,611
31072,Show By Rock!!: Legend of Shingan Crimsonz,"Comedy, Music",ONA,3,6.1,516,6.1,87.8068939988361,610
3849,The SoulTaker: Tamashii-gari - Komugi Daisakusen,Comedy,Special,3,6.1,1266,6.1,87.1385624429779,610
6718,Yamato 2520,"Action, Adventure, Military, Sci-Fi",OVA,3,6.1,726,6.1,88.5475063297491,610
23423,Mujaki no Rakuen,"Comedy, Ecchi, Romance, School, Seinen",OVA,3,6.09,12054,6.09,83.2453206622636,609
6443,AIKa Zero,"Action, Adventure, Comedy, Ecchi",OVA,3,6.08,9595,6.08,88.9642189716724,608
361,Memories Off,"Drama, Romance",OVA,3,6.05,4488,6.05,85.0934934032887,605
6189,Baton,"Adventure, Sci-Fi",Movie,3,6.01,1482,6.01,81.403259794565,601
15133,Aoi Sekai no Chuushin de,"Action, Adventure, Ecchi, Fantasy, Parody, Shounen",Special,3,6,25693,6,82.9022407819783,600
31738,Nanairo Kakumei,"Comedy, School, Shoujo",Special,3,6,477,6,81.8358460265281,600
982,Cosplay Complex,"Comedy, Ecchi, Parody, School",OVA,3,5.99,8706,5.99,87.1797363980136,599
6792,Mobile Suit SD Gundam Mk V,"Comedy, Mecha, Parody, Sci-Fi",OVA,3,5.97,1294,5.97,90.400812511233,597
676,Refrain Blue,"Drama, Romance",OVA,3,5.97,1181,5.97,87.2913273264947,597
5907,Mujigen Hunter Fandora,"Adventure, Fantasy, Sci-Fi",OVA,3,5.95,688,5.95,91.2281802007328,595
27613,Selector Infected WIXOSS: Midoriko-san to Piruruku-tan,Comedy,Special,3,5.94,5505,5.94,81.2525860596684,594
16648,Youchien Senshi: Hanamaru Girls,"Action, Comedy, Kids",Special,3,5.94,1147,5.94,86.2295090449724,594
3390,Hoshi no Umi no Amuri,"Adventure, Fantasy, Sci-Fi",OVA,3,5.93,2443,5.93,78.632676112094,593
3968,Dragoon,"Adventure, Fantasy",OVA,3,5.92,896,5.92,81.5177207730341,592
2261,Malice@Doll,"Horror, Psychological, Sci-Fi",OVA,3,5.92,1739,5.92,76.0092328270655,592
20705,Baka Misérables,"Music, Parody",ONA,3,5.89,169,5.89,78.4977467130229,589
33366,Toukiden 2,"Action, Demons",ONA,3,5.89,199,5.89,78.1094745560733,589
7248,Top wo Nerae! Gunbuster Specials,"Mecha, Space",Special,3,5.88,3095,5.88,84.4168435025755,588
12907,Sekiei Ayakashi Mangatan,"Fantasy, Historical, Supernatural",ONA,3,5.87,2615,5.87,89.9287066130837,587
21773,Sugar*Soldier,Shoujo,Special,3,5.87,6738,5.87,83.7281774023511,587
5372,Aura Battler Dunbine OVA,"Adventure, Mecha, Sci-Fi",OVA,3,5.86,972,5.86,82.5630303102243,586
1992,Chou Kousoku Gran Doll,"Action, Comedy, Mecha, School",OVA,3,5.86,837,5.86,87.4064958139138,586
31073,Show By Rock!!: Plasmagica na Gogo,Comedy,ONA,3,5.85,469,5.85,82.217905577451,585
33213,Onizushi,"Comedy, Demons",ONA,3,5.84,153,5.84,83.2821674656093,584
10373,Soul Link Picture Drama,"Romance, Sci-Fi",Special,3,5.84,603,5.84,82.571719677811,584
281,Akane Maniax,"Comedy, Mecha, Romance",OVA,3,5.83,13988,5.83,80.2320298580396,583
21771,Romantica Clock,Shoujo,Special,3,5.83,8491,5.83,81.9035380136395,583
1183,Variable Geo,"Action, Ecchi, Martial Arts, Shounen, Super Power",OVA,3,5.82,1999,5.82,79.9980385037058,582
625,Moekan The Animation,"Comedy, Romance",OVA,3,5.81,1859,5.81,77.2809217772431,581
7453,AIKa Zero Picture Drama,Ecchi,Special,3,5.79,2554,5.79,78.673166529418,579
991,Usagi-chan de Cue!!,"Action, Comedy, Ecchi, Magic, Romance",OVA,3,5.79,3276,5.79,83.012621962343,579
5647,Doukyuusei 2 (OVA) Special: Sotsugyousei,"Ecchi, Harem, School",OVA,3,5.78,526,5.78,78.8355174276009,578
5648,Bouken Shite mo Ii Koro,"Comedy, Seinen",OVA,3,5.77,369,5.77,82.2477840726163,577
1611,Galerians: Rion,"Adventure, Drama, Horror, Military, Mystery, Psychological, Sci-Fi, Shounen, Supernatural",OVA,3,5.74,2002,5.74,75.5341447636003,574
17707,Glass no Kamen Desu ga,"Comedy, Parody",TV,3,5.74,773,5.74,75.7143350248483,574
15893,Crash!,"Comedy, Shoujo",Special,3,5.7,1015,5.7,77.578408684857,570
1244,Ankoku Shindenshou Takegami,"Action, Drama, Mecha, Sci-Fi, Supernatural",OVA,3,5.71,912,5.71,77.052852152591,571
2453,Dennou Sentai Voogie&#039;s★Angel,"Action, Drama, Mecha, Military, Sci-Fi",OVA,3,5.69,1132,5.69,79.6753379977722,569
2524,Jungle de Ikou!,"Action, Adventure, Comedy, Ecchi, Magic",OVA,3,5.68,3185,5.68,81.9998461443507,568
1052,Tokyo Juushouden,"Action, Adventure, Shounen, Supernatural",OVA,3,5.67,1001,5.67,77.5850996072711,567
6061,Maryuu Senki,"Fantasy, Horror",OVA,3,5.65,812,5.65,78.4567411666173,565
10360,Kinniku Banzuke: Kongou-kun no Daibouken!,"Action, Shounen, Sports",TV,3,5.63,192,5.63,77.7809718531753,563
31807,Sugio: Mori de Koi wo Shite,Comedy,ONA,3,5.59,101,5.59,76.6828427968497,559
25591,Tokyo Juushouden: Fuuma Gogyou Denshou,"Action, Adventure, Shounen, Supernatural",OVA,3,5.58,217,5.58,73.1170024871932,558
1772,Seishoujo Kantai Virgin Fleet,"Fantasy, Military, School, Sci-Fi",OVA,3,5.53,892,5.53,77.4704634366455,553
28809,Macross Fufonfia Specials,"Comedy, Parody",Special,3,5.5,335,5.5,75.9398285866289,550
15891,Zekkyou Gakkyuu,"Shoujo, Supernatural",Special,3,5.5,1651,5.5,73.7614047506384,550
18425,Ikeike! Momon-chan Specials,Comedy,Special,3,5.49,321,5.49,79.9660937926725,549
20547,Top wo Nerae 2! Kagaku Kouza,Sci-Fi,Special,3,5.49,737,5.49,79.8439462507468,549
6318,Kigurumikku V3,"Comedy, Ecchi, Magic, Mecha, Parody",ONA,3,5.44,1181,5.44,76.3940562262985,544
30739,Ane Log: Moyako Neesan no Honpen wo Tobidashite Tomaranai Monologue Specials,"Comedy, Ecchi",Special,3,5.44,1264,5.44,80.0402463534154,544
1528,Bishoujo Yuugekitai Battle Skipper,"Comedy, Mecha, Sci-Fi",OVA,3,5.41,883,5.41,78.8627916880354,541
17163,Peeping Life: The Perfect Evolution Specials,"Comedy, Slice of Life",Special,3,5.38,220,5.38,76.6834038890365,538
31491,Hantsu x Trash,"Comedy, Ecchi, Romance, School, Seinen, Sports",OVA,3,5.29,6850,5.29,79.2887977888517,529
1560,Choujin Gakuen Gowcaizer: The Voltage Fighters,"Action, Ecchi, Martial Arts, Sci-Fi, Shounen",OVA,3,5.23,1627,5.23,72.5894767903588,523
4389,Amada Anime Series: Super Mario Brothers,"Adventure, Comedy, Shounen",OVA,3,5.15,1552,5.15,69.9408505135721,515
765,Chou Henshin Cosprayers Specials,"Adventure, Comedy, Magic, Sci-Fi",Special,3,5.13,1480,5.13,74.6805928962847,513
7809,3-tsu no Kumo,Dementia,Movie,3,5.1,918,5.1,76.1165435060798,510
32739,JRA Hokan Keikaku,"Action, Mecha",ONA,3,5.1,924,5.1,74.3702987934345,510
1529,De:vadasy,"Action, Ecchi, Mecha, Psychological",OVA,3,5.01,1269,5.01,64.0831782467931,501
8663,Yokoo&#039;s 3 Animation Films,"Psychological, Romance",OVA,3,4.8,440,4.8,62.5120421994145,480
1657,Byston Well Monogatari: Garzey no Tsubasa,Fantasy,OVA,3,3.99,5822,3.99,50.9274823028543,399
33500,Acerola-chan,Comedy,ONA,3,5,52,5,69.1272368007657,500
27557,Ajisai no Uta,"Comedy, Drama, Historical",OVA,3,5.57,111,5.57,75.3083371082274,557
30152,au x Rope,"Comedy, Slice of Life",ONA,3,3.67,67,3.67,51.6247169440296,367
20975,Aura Battler Dunbine Memorial,"Adventure, Mecha, Sci-Fi",Special,3,5.63,219,5.63,77.7201423613256,563
24087,Be-Bop Kaizokuban,"Comedy, School, Seinen",OVA,3,5.76,162,5.76,76.7433084723589,576
33940,Best Care Group,"Drama, Slice of Life",ONA,3,5.19,38,5.19,75.3388935961379,519
9177,Burning Blood,"Shounen, Sports",OVA,3,6.33,257,6.33,83.2433197236217,633
6687,Chinyuuki: Tarou to Yukai na Nakama-tachi,Comedy,OVA,3,6,186,6,82.744540262874,600
31749,Chou Kidougai-ku: Kashiwa-no-Ha,Mecha,ONA,3,4.86,475,4.86,63.7377936680446,486
9499,Dokushin Apartment Dokudamisou,"Comedy, Ecchi",OVA,3,5.64,162,5.64,74.9195954201702,564
8879,Dolphin Ouji,"Action, Adventure, Kids, Sci-Fi",TV,3,5.58,127,5.58,79.8308133066961,558
28367,Dr. Slump: Arale-chan &#039;92 Oshougatsu Special,"Comedy, Sci-Fi, Shounen, Shounen",Special,3,6.19,196,6.19,87.030983680678,619
29423,En En Nikoli,"Adventure, Kids, Music",Special,3,5.4,40,5.4,80.2090687610668,540
23967,Fox Wood Monogatari,"Adventure, Kids",OVA,3,7.44,67,7.44,104.262117876128,744
23609,Gaki Deka (OVA),"Comedy, Ecchi, Kids, Parody, Shounen",OVA,3,4.78,62,4.78,68.3854563599783,478
25363,Gensei Shugoshin P-hyoro Ikka OVA,"Adventure, Fantasy, Shoujo",OVA,3,5.25,81,5.25,72.482188416412,525
30796,Gokudou Sakaba Denden: Gokudou Daisensou Gaiden,Comedy,ONA,3,5.5,60,5.5,75.0576517113313,550
19495,Hakusai Anime,"Comedy, Romance, School, Slice of Life",ONA,3,6.56,260,6.56,92.6190883554056,656
25095,Hana Ichi Monme,"Adventure, Kids",OVA,3,7.25,44,7.25,100.011935031791,725
22953,Hana no Zundamaru: Junk,"Comedy, Martial Arts, Parody",ONA,3,3.96,96,3.96,55.8495617743934,396
33779,Jakusansei Million Arthur Specials,"Comedy, Fantasy",Special,3,5.89,130,5.89,83.3042297800974,589
13831,Kamiusagi Rope 3 (ONA),"Comedy, Slice of Life",ONA,3,5.76,94,5.76,82.7474374131309,576
21913,Kanbee-kun ga Yuku,"Comedy, Historical, Kids",Special,3,4.76,71,4.76,67.38310928416,476
19515,Kentoushi,"Seinen, Sports",OVA,3,6.25,88,6.25,87.3860714601489,625
8883,Kikou Heidan J-Phoenix: PF Lips Shoutai,"Comedy, Mecha",OVA,3,5.61,188,5.61,77.2673209943156,561
24489,Koha Ginjiro,"Action, Drama, School, Shounen",OVA,3,5.6,74,5.6,76.992717501279,560
10564,Korogashi Ryouta,"Action, Comedy, Seinen",OVA,3,5.9,96,5.9,82.5186566392168,590
28097,Little Twins,"Adventure, Kids",OVA,3,6,62,6,79.2558325906329,600
29421,Liv &amp; Bell,"Adventure, Kids",Special,3,6.5,42,6.5,86.4128456197615,650
23899,Lovely Movie: Itoshi no Muco Specials,Slice of Life,Special,3,4.67,166,4.67,64.3282875087838,467
6577,"Machine Robo: Leina, The Legend of Wolf Blade","Action, Martial Arts, Mecha, Super Power",OVA,3,6.25,248,6.25,91.0335890012102,625
5151,Mahjong Hishouden: Naki no Ryuu,"Action, Drama, Game, Seinen",OVA,3,6.39,344,6.39,90.4997179107414,639
30298,Mahou no Princess Minky Momo: Yume wo Dakishimete Specials,"Magic, Shoujo",Special,3,6,95,6,84.7340538868943,600
20499,Maji,"Drama, Shounen",OVA,3,6.17,109,6.17,84.992155244199,617
24259,Mechano: Scientific Attack Force,"Comedy, Dementia, Fantasy, Horror, Music, Parody",OVA,3,2.55,120,2.55,41.5303974930535,255
31638,Mr. Shape,"Comedy, Kids",Special,3,4.71,54,4.71,72.2324056768427,471
25253,Nekketsu Jinmen Inu: Life Is Movie,"Comedy, Mystery, Parody",OVA,3,5.74,256,5.74,78.3841101289224,574
27843,Nemurenu Yoru no Chiisana Ohanashi,Kids,OVA,3,6.25,53,6.25,90.5324633451515,625
10353,Okama Hakusho,"Comedy, Seinen",OVA,3,5.67,183,5.67,85.9060748001323,567
33888,Omoi Au Christmas 2011,Fantasy,Special,3,4.67,35,4.67,62.7330774558432,467
31057,Onaka Hime,Fantasy,ONA,3,4.5,175,4.5,63.0241001784434,450
17903,Otokogi,Seinen,OVA,3,5.83,88,5.83,85.9414726514793,583
33414,Otona no Ikkyuu-san,"Comedy, Historical",Special,3,5,67,5,68.8893874098139,500
32147,Peeping Life x Kids Station,"Comedy, Slice of Life",Special,3,4.08,77,4.08,60.9093184092076,408
25941,Peeping Life: The Perfect Explosion Specials,"Comedy, Slice of Life",Special,3,4.35,107,4.35,63.4633750462583,435
32736,Pepsi Nex x 009 Re:Cyborg,"Action, Comedy",Movie,3,5.27,135,5.27,70.3726305502316,527
31465,Pichiko Dakyuubu USA-hen,"Comedy, Sports",Special,3,4.92,41,4.92,65.720909048755,492
25983,Private Eye Dol,"Comedy, Mystery",Special,3,5.91,73,5.91,83.2587272336163,591
32385,Project HAL,"Action, Mecha",ONA,3,5.96,201,5.96,87.3725899067326,596
23889,Pyuu to Fuku! Jaguar: Return of Yaku Ichinenburi,"Comedy, Music, Shounen",OVA,3,6.8,122,6.8,93.0618385093884,680
29935,Qin Shiming Yue Zhi: Tian Xing Jiu Ge,"Action, Fantasy, Historical, Martial Arts",ONA,3,7.07,194,7.07,96.8924037964282,707
32734,"Satto Anshin, SAT x Peeping Life","Comedy, Slice of Life",ONA,3,4.07,66,4.07,52.7633338155786,407
16788,Sengoku Bushou Retsuden Bakufuu Douji Hissatsuman,"Action, Adventure, Mecha",OVA,3,4.93,113,4.93,72.4837123942714,493
29401,Shiritori Oukoku,Kids,TV,3,4.71,48,4.71,65.0014890163167,471
22683,Shiroishi no Yousei Pichi,"Fantasy, Historical, Kids",ONA,3,4.53,104,4.53,68.916677043695,453
8644,Sylvanian Families,"Comedy, Fantasy, Kids",Special,3,5.62,99,5.62,75.948755274275,562
30961,Sylvanian Families Mini Gekijou: Omoigakenai Okyakusama,Slice of Life,OVA,3,4.4,45,4.4,56.4416692322964,440
18569,Taiman Blues: Shimizu Naoto-hen,Shounen,OVA,3,4.85,104,4.85,65.4085845284128,485
15129,Tanpen Animation Junpei Fujita,Music,Special,3,6.75,88,6.75,92.9476814758911,675
17201,Toki no Daichi: Hana no Oukoku no Majo,"Adventure, Fantasy",OVA,3,6,71,6,82.6656467398664,600
29473,Toko-chan Chokkin,"Adventure, Historical, Kids, Slice of Life",TV,3,6.67,37,6.67,94.0349329559747,667
6528,Utsurun Desu.,Comedy,OVA,3,6.41,177,6.41,94.6910119538059,641
25597,Vampiyan Kids Specials,"Comedy, Fantasy, Kids",Special,3,6.13,77,6.13,81.3716786401302,613
22279,Watashitachi no Kurashi to Doboku,"Historical, Kids, Samurai",OVA,3,6,71,6,84.6099081237877,600
31177,Yakyuubu Aruaru,Sports,TV,3,4,149,4,59.160683558456,400
21097,Oni Chichi: Rebuild,Hentai,OVA,3,7.75,9825,7.75,110.651849441517,775
2238,Fuyu no Semi,"Drama, Historical, Romance, Samurai, Yaoi",OVA,3,7.74,12270,7.74,103.943324364613,774
7411,Kanojo x Kanojo x Kanojo: Sanshimai to no DokiDoki Kyoudou Seikatsu,"Harem, Hentai",OVA,3,7.44,14138,7.44,100.259582739963,744
4502,Stringendo+Accelerando Ultimatum Sera,Hentai,OVA,3,7.36,7634,7.36,101.87286413649,736
3918,Resort Boin,Hentai,OVA,3,7.31,9654,7.31,101.922762025025,731
15097,Tropical Kiss,Hentai,OVA,3,7.28,8884,7.28,103.225429319912,728
7053,Fault!!,Hentai,OVA,3,7.21,11055,7.21,102.531641667634,721
1787,Viper GTS,"Demons, Hentai",OVA,3,7.13,7314,7.13,101.458149867673,713
10106,Sweet Home: H na Oneesan wa Suki Desu ka?,"Harem, Hentai",OVA,3,7.1,4175,7.1,99.5284644088952,710
17745,Kakushi Dere,Hentai,OVA,3,7.04,3528,7.04,99.6800257924502,704
2433,Lingeries,Hentai,OVA,3,7.02,4344,7.02,95.8013227020091,702
5762,15 Bishoujo Hyouryuuki,"Comedy, Harem, Hentai",OVA,3,6.98,11680,6.98,98.6201745642829,698
4473,Shoujo Sect,"Comedy, Hentai, Romance, Yuri",OVA,3,6.89,16527,6.89,102.01083606764,689
4399,Honoo no Haramase Tenkousei,"Harem, Hentai, School, Yuri",OVA,3,6.88,4965,6.88,96.4114656031201,688
8293,Gakuen Saimin Reido,Hentai,OVA,3,6.87,4850,6.87,104.402291235552,687
15541,Namanaka Hyaku Percent!: Katamusubi no Shinpa,Hentai,OVA,3,6.86,3017,6.86,98.6842826744015,686
3679,Renketsu Houshiki,Hentai,OVA,3,6.84,5207,6.84,102.294188163221,684
1896,Akiba Kei Kanojo,Hentai,OVA,3,6.83,9395,6.83,96.1298197918827,683
12957,First Love,Hentai,OVA,3,6.82,3466,6.82,93.6126962249718,682
21349,Kichiku: Haha Shimai Choukyou Nikki,Hentai,OVA,3,6.8,2143,6.8,92.3927819316294,680
2505,Ringetsu The Animation,Hentai,OVA,3,6.79,3512,6.79,90.6789262532764,679
5743,Saimin Ryoujoku Gakuen,Hentai,OVA,3,6.75,3023,6.75,93.7014682507835,675
2410,Soreyuke Marin-chan,"Hentai, Sci-Fi",OVA,3,6.74,1934,6.74,96.0096207769922,674
9442,Bust to Bust: Chichi wa Chichi ni,Hentai,OVA,3,6.72,3954,6.72,96.8379696281052,672
1780,Choukou Tenshi Escalayer,"Demons, Hentai, Sci-Fi, Super Power",OVA,3,6.72,6574,6.72,95.5620940941714,672
3058,Darling,Hentai,OVA,3,6.69,3600,6.69,90.3006887941661,669
5427,Ikusa Otome Valkyrie 2,"Demons, Fantasy, Hentai, Supernatural",OVA,3,6.68,2745,6.68,97.1634071077174,668
1263,Suika,"Drama, Fantasy, Hentai, Romance",OVA,3,6.64,3483,6.64,97.442828975949,664
8987,Princess Knight☆Catue,Hentai,OVA,3,6.63,3006,6.63,90.9153312266885,663
1634,Ai Shimai: Futari no Kajitsu,Hentai,OVA,3,6.62,6387,6.62,97.1381942434841,662
3302,Megachu!,"Hentai, Supernatural",OVA,3,6.61,3991,6.61,94.7729580862713,661
2275,Saishuu Chikan Densha,Hentai,OVA,3,6.6,2445,6.6,93.3191398054235,660
2276,Shin Saishuu Chikan Densha,Hentai,OVA,3,6.6,2163,6.6,91.0988220041648,660
2134,Famiresu Senshi Purin,Hentai,OVA,3,6.59,2528,6.59,92.7574403691994,659
2394,Ma ga Ochiru Yoru,Hentai,OVA,3,6.59,2684,6.59,96.5954196116335,659
2325,Angel Blade Punish!,"Adventure, Hentai, Magic, Sci-Fi",OVA,3,6.56,3957,6.56,89.3688548278623,656
2896,Houkago: Nureta Seifuku,Hentai,OVA,3,6.56,5847,6.56,91.5764875954858,656
10770,Mahou Shoujo Elena,"Hentai, Magic, Supernatural",OVA,3,6.55,3302,6.55,91.364969815781,655
11349,Soredemo Tsuma wo Aishiteru,Hentai,OVA,3,6.54,3122,6.54,96.4089371570348,654
9545,Elf Hime Nina,"Fantasy, Hentai, Supernatural",OVA,3,6.53,2684,6.53,87.3269768837387,653
13325,Crimson Girls: Chikan Shihai,Hentai,OVA,3,6.49,3292,6.49,93.3054349001862,649
1389,Yakin Byoutou San,Hentai,OVA,3,6.49,2710,6.49,91.9642722333259,649
6685,Mesu Kyoushi: Injoku no Kyoushitsu,Hentai,OVA,3,6.48,2005,6.48,91.2019281683186,648
20757,Taimanin Yukikaze,"Demons, Hentai, Supernatural",OVA,3,6.47,3280,6.47,91.3730646371915,647
2917,Seijun Kango Gakuin,"Comedy, Hentai",OVA,3,6.47,1864,6.47,95.7948824852898,647
2324,Angel Blade,"Action, Demons, Hentai",OVA,3,6.45,5863,6.45,90.4934320034188,645
5653,Mahou Shoujo Ai San: The Anime,"Demons, Hentai, School, Supernatural",OVA,3,6.43,1981,6.43,89.5503556184804,643
5209,Manin Densha,Hentai,OVA,3,6.43,2708,6.43,87.9047330899403,643
2943,Inbaku Gakuen,"Hentai, School",OVA,3,6.42,2489,6.42,90.5983582024188,642
2431,Nikuyoku Gangu Takuhainin,Hentai,OVA,3,6.42,1566,6.42,92.48999120689,642
9467,Kanojo ga Mimai ni Konai Wake,"Drama, Hentai",OVA,3,6.41,2704,6.41,83.7386349450031,641
8653,Mahou Shoujo Isuka,Hentai,OVA,3,6.41,2600,6.41,87.4920192306119,641
316,Nageki no Kenkou Yuuryouji,"Comedy, Hentai, Yuri",OVA,3,6.4,2594,6.4,91.8575030444784,640
214,Pia Carrot e Youkoso!! 2,"Comedy, Hentai, Romance",OVA,3,6.39,1408,6.39,87.2562033148192,639
3324,Discode: Ijou Seiai,Hentai,OVA,3,6.38,4289,6.38,87.9304709650226,638
3308,Heartwork: Symphony of Destruction,"Action, Hentai",OVA,3,6.38,2197,6.38,95.2499855936601,638
22119,PeroPero☆Teacher,Hentai,OVA,3,6.38,2478,6.38,95.4318532407457,638
3385,Dorei Ichiba,Hentai,OVA,3,6.37,2049,6.37,90.3124576040411,637
1113,One: Kagayaku Kisetsu e - True Stories,Hentai,OVA,3,6.37,1934,6.37,84.3557365651057,637
5324,Yakin Byoutou Kranke,Hentai,OVA,3,6.37,2175,6.37,91.354652288113,637
1821,Guren,"Harem, Hentai",OVA,3,6.36,3034,6.36,85.0066296210762,636
2341,Choujin Densetsu Urotsukidouji,"Action, Demons, Drama, Hentai",OVA,3,6.34,4425,6.34,84.7972755850983,634
11749,Oshioki: Gakuen Reijou Kousei Keikaku,Hentai,OVA,3,6.34,2429,6.34,84.3431211835281,634
2378,Kisaku Spirit,Hentai,OVA,3,6.33,1396,6.33,92.3805352897537,633
31740,Chicchana Onaka,Hentai,OVA,3,6.32,2298,6.32,87.8295588161681,632
3538,Dorei Kaigo,Hentai,OVA,3,6.32,1959,6.32,89.0252540627298,632
1331,Dragon Pink,"Action, Adventure, Comedy, Fantasy, Hentai, Magic, Supernatural",OVA,3,6.32,3467,6.32,89.0094908492356,632
2191,Waver,Hentai,OVA,3,6.28,2070,6.28,86.0298341440776,628
4164,Kounai Shasei,"Comedy, Hentai, Magic",OVA,3,6.27,1222,6.27,87.7518147562493,627
2328,Kyouhaku II (Second): Mou Hitotsu no Ashita The Animation,Hentai,OVA,3,6.27,1586,6.27,91.4019415232121,627
6558,Choukou Sennin Haruka,"Hentai, Yuri",OVA,3,6.25,3539,6.25,82.3792329782137,625
2437,Elfina: Yoru e to Urareta Oukoku de... The Animation,"Fantasy, Hentai",OVA,3,6.25,2335,6.25,88.6664497309042,625
2371,Hotaruko,Hentai,OVA,3,6.25,2647,6.25,88.7369165126304,625
3452,Onna Kyoushi,Hentai,OVA,3,6.24,1570,6.24,91.6082210879594,624
4701,Yama Hime no Mi,Hentai,OVA,3,6.22,2185,6.22,86.4694990770686,622
3578,Daraku: Onna Kyoushi Hakai,Hentai,OVA,3,6.21,2338,6.21,88.3103300022594,621
10570,Inshitsu Otaku ni Ikareru Kanojo,Hentai,OVA,3,6.21,2730,6.21,85.5637924953514,621
2794,Kussetsu,Hentai,OVA,3,6.2,642,6.2,85.4408895931549,620
3254,Luv Wave,"Action, Drama, Hentai, Horror, Mystery, Police, Romance, Sci-Fi",OVA,3,6.19,1258,6.19,84.7204741719375,619
213,Pia Carrot e Youkoso!!,"Comedy, Hentai, Romance",OVA,3,6.19,2108,6.19,85.3951597319087,619
9008,Netorare Fighter Yaricchingu!,Hentai,OVA,3,6.18,1873,6.18,89.1727318496764,618
3795,Hana to Hebi The Animation,Hentai,OVA,3,6.17,1394,6.17,86.4749897216023,617
7573,Bakunyuu Bomb,Hentai,OVA,3,6.15,2164,6.15,85.6574297184249,615
3896,Inbo,Hentai,OVA,3,6.13,2532,6.13,89.6299150210412,613
3078,Magical Twilight,"Comedy, Hentai, Magic, Romance",OVA,3,6.12,1027,6.12,86.9384649847801,612
2469,Ogenki Clinic,"Comedy, Hentai, Yuri",OVA,3,6.1,1173,6.1,90.8480558783265,610
8652,Arbeit Shiyo!!,Hentai,OVA,3,6.09,1841,6.09,81.8005349018491,609
5439,Ooedo Forty Eight,"Hentai, Historical",OVA,3,6.07,521,6.07,83.9179482253059,607
3379,Mikagura Tanteidan,Hentai,OVA,3,6.04,1015,6.04,81.3054896735986,604
3543,Kiss yori...,Hentai,OVA,3,6.03,1312,6.03,82.3842565675555,603
5316,Rape! Rape! Rape!,Hentai,OVA,3,6.03,3958,6.03,86.2741639583297,603
17371,Natsuyasumi.,"Hentai, Yaoi",ONA,3,6.02,4388,6.02,85.8690410199022,602
1353,The Urotsuki,"Adventure, Demons, Fantasy, Hentai, Horror",OVA,3,6.01,1480,6.01,83.4723643385354,601
2434,Kijoku: Princess Double Kari,Hentai,OVA,3,6,1368,6,80.9794715720252,600
2863,21-ji no Onna: Newscaster Katsuragi Miki,Hentai,OVA,3,5.99,2277,5.99,83.903821686508,599
8654,I☆Can,Hentai,OVA,3,5.99,4098,5.99,82.9691480249839,599
2327,Kyouhaku: Owaranai Ashita,Hentai,OVA,3,5.99,1806,5.99,80.7338278341706,599
1770,Unbalance,Hentai,OVA,3,5.99,1320,5.99,89.0304398504945,599
2872,Asgaldh: The Distortion Testament,Hentai,OVA,3,5.98,1527,5.98,89.1363938485459,598
4488,Keraku-No-OH King of Pleasure,Hentai,OVA,3,5.98,882,5.98,82.9224620021659,598
755,Boku no Sexual Harassment,"Hentai, Yaoi",OVA,3,5.96,9980,5.96,89.1606908098715,596
3982,Kairaku Satsujin Chousakan Kouji,Hentai,OVA,3,5.94,694,5.94,82.0538901837407,594
4608,Yuuwaku Countdown: Akira,Hentai,OVA,3,5.94,965,5.94,86.815661396084,594
4868,Blind Night,Hentai,OVA,3,5.92,1253,5.92,80.962854020267,592
4775,Lunatic Night,"Comedy, Hentai, Parody",OVA,3,5.92,688,5.92,82.9978972590001,592
2344,Choujin Densetsu Urotsukidouji: Inferno Road,"Demons, Fantasy, Hentai, Horror, Sci-Fi",OVA,3,5.91,1210,5.91,79.0504732107644,591
2368,Ryouki no Ori: Dai 2 Shou,Hentai,OVA,3,5.91,1028,5.91,79.0436007185579,591
2838,Toushin Toshi II,"Adventure, Fantasy, Hentai, Romance",OVA,3,5.91,584,5.91,75.7806144718437,591
1782,Hyakki,"Hentai, Horror",OVA,3,5.9,1341,5.9,77.8751968272903,590
9326,Yubisaki Annainin Shirudaku Settai Okawari Sanhaime,Hentai,OVA,3,5.9,1363,5.9,84.2495284752246,590
3384,Mi-da-ra,Hentai,OVA,3,5.88,928,5.88,80.2905601920014,588
2209,V.G.Neo The Animation,"Action, Hentai, Martial Arts",OVA,3,5.88,2028,5.88,86.8882263949723,588
1595,Inma Daitoshi: Beast City,Hentai,OVA,3,5.87,1356,5.87,79.7722306819124,587
3921,Kamyla,"Hentai, Police",OVA,3,5.83,1091,5.83,80.5353169283324,583
2788,Stratosphera no Yousei,"Drama, Hentai, Romance, Sci-Fi",OVA,3,5.83,1745,5.83,82.9564877808592,583
3644,Uchiyama Aki,Hentai,OVA,3,5.82,744,5.82,81.7922454819081,582
5890,Inko,"Hentai, Yuri",OVA,3,5.81,2226,5.81,78.1453080592675,581
4558,Yukiyo Ichiya Monogatari,"Hentai, Historical",OVA,3,5.81,922,5.81,79.2430445366615,581
3454,Kowaremono,Hentai,OVA,3,5.8,1445,5.8,83.2132801242492,580
5664,Keibiin,Hentai,OVA,3,5.79,451,5.79,80.8068790933944,579
3586,Isaku,Hentai,OVA,3,5.78,946,5.78,80.5461182180155,578
5645,Castle Fantasia: Seima Taisen,Hentai,OVA,3,5.77,1220,5.77,77.5618003376473,577
8523,Sukeban Shoukai Cutie Lemon,Hentai,OVA,3,5.77,185,5.77,78.6942882244185,577
4606,Tsuki Kagerou,"Hentai, Yuri",OVA,3,5.76,890,5.76,81.1244934574724,576
23761,Konna ni Yasashiku Sareta no,Hentai,OVA,3,5.74,1413,5.74,84.0278679972639,574
3587,Isaku: Respect,Hentai,OVA,3,5.73,1138,5.73,77.0099077945101,573
2374,Shusaku,"Hentai, School",OVA,3,5.73,1341,5.73,79.1212382039073,573
3953,DNA Hunter,Hentai,OVA,3,5.71,1165,5.71,82.0760674972281,571
2169,Ice,"Action, Military, Sci-Fi, Shoujo Ai, Yuri",OVA,3,5.68,5247,5.68,78.5296731514419,568
2348,Shitai wo Arau The Animation,Hentai,OVA,3,5.64,1410,5.64,75.9439334884279,564
3396,Gloria: Kindan no Ketsuzoku,"Drama, Hentai, Mystery, Romance",OVA,3,5.61,654,5.61,78.4944391740592,561
2190,Tsubaki Iro no Purijioone,Hentai,OVA,3,5.61,778,5.61,78.6164288223127,561
5649,Injuu Onna Kyoushi,Hentai,OVA,3,5.57,616,5.57,76.8916905517101,557
4822,Pendant,Hentai,OVA,3,5.57,249,5.57,75.541886949756,557
3705,Flashback Game,Hentai,OVA,3,5.53,1195,5.53,77.3379670278257,553
5646,Deep Voice,Hentai,OVA,3,5.51,844,5.51,79.0563355301343,551
2350,Ail Maniax: Inma Seifukugari &amp; Majogari no Yoru ni,"Demons, Hentai",OVA,3,5.49,1793,5.49,79.1115290807548,549
2977,Youjuu Sensen Adventure Kid,"Demons, Fantasy, Hentai, Horror",OVA,3,5.49,1152,5.49,73.9150426281117,549
7162,Yaruki Manman,"Comedy, Hentai, Parody",OVA,3,5.31,251,5.31,75.9772443741761,531
29307,Classical Sex-Zone,"Hentai, School",OVA,3,5.15,159,5.15,75.228389077292,515
