anime_id,name,genre,type,episodes,rating,members,rating_10,rating_100,rating_1000
137,Hunter x Hunter OVA,"Action, Adventure, Shounen, Super Power",OVA,8,8.41,53168,8.41,115.971919464353,841
138,Hunter x Hunter: Greed Island,"Action, Adventure, Shounen, Super Power",OVA,8,8.33,57029,8.33,116.52334382799,833
1382,Yuusha-Ou GaoGaiGar Final,"Adventure, Drama, Mecha, Sci-Fi, Shounen",OVA,8,8.25,5001,8.25,116.503244870261,825
33286,Strike the Blood II,"Action, Ecchi, Fantasy, School, Shounen, Supernatural, Vampire",OVA,8,8.05,28220,8.05,117.549677027182,805
20517,Little Busters!: EX,"Comedy, Drama, Romance, School, Slice of Life, Supernatural",Special,8,7.94,26709,7.94,107.387119657705,794
10119,Seitokai Yakuindomo OVA,"Comedy, School, Shounen, Slice of Life",OVA,8,7.89,63265,7.89,116.672257557292,789
32863,Ansatsu Kyoushitsu (TV) 2nd Season: Kagaijugyou-hen,"Action, Comedy, School, Shounen",ONA,8,7.88,7999,7.88,112.065686966961,788
9510,Mitsudomoe Zouryouchuu!,"Comedy, School, Slice of Life",TV,8,7.82,26468,7.82,105.923782439498,782
33263,Kubikiri Cycle: Aoiro Savant to Zaregototsukai,"Action, Drama, Mystery, Supernatural",OVA,8,7.82,19317,7.82,110.983230548497,782
31821,Arslan Senki (TV): Fuujin Ranbu,"Action, Adventure, Drama, Fantasy, Historical, Shounen, Supernatural",TV,8,7.7,53577,7.7,108.893722471057,770
1393,Future GPX Cyber Formula Zero,"Drama, Sci-Fi, Shounen, Sports",OVA,8,7.7,1113,7.7,107.305964601002,770
1394,Future GPX Cyber Formula Saga,"Drama, Sci-Fi, Shounen, Sports",OVA,8,7.64,1040,7.64,109.086839496352,764
2458,Kimagure Orange☆Road OVA,"Comedy, Drama, Magic, Romance, School",OVA,8,7.61,3542,7.61,103.382821016614,761
10862,Prince of Tennis: Pairpuri,"Comedy, Drama, Shounen, Sports",Special,8,7.46,3315,7.46,102.261663556721,746
1347,Bubblegum Crisis,"Adventure, Mecha, Sci-Fi, Shounen",OVA,8,7.36,17268,7.36,104.569939975696,736
4705,Tengen Toppa Gurren Lagann: Parallel Works,Music,Music,8,7.27,22213,7.27,103.912443434178,727
11285,Black★Rock Shooter (TV),"Action, Drama, School, Slice of Life",TV,8,7.07,198991,7.07,98.6252801109737,707
31138,Overlord: Ple Ple Pleiades,"Action, Comedy, Fantasy, Magic",Special,8,7.07,25625,7.07,99.5182369983818,707
10098,Kobato.: Hajimete no Kobato.,"Comedy, Drama, Fantasy",Special,8,6.88,6001,6.88,97.1514309478974,688
1748,Piyoko ni Omakase pyo!,"Comedy, Sci-Fi, Shounen",OVA,8,6.86,1480,6.86,96.3377866860353,686
6330,Shakugan no Shana: Friagne to Marianne no Naze Nani Shana! Nandemo Shitsumonbako!,"Comedy, Fantasy, Supernatural",Special,8,6.85,10284,6.85,94.6199931580554,685
32383,Osomatsu-san Short Film Series,"Comedy, Parody",Special,8,6.73,3051,6.73,91.2351718260056,673
2497,Shin Cutey Honey,"Adventure, Comedy, Ecchi, Magic, Sci-Fi",OVA,8,6.73,3455,6.73,98.9111689646082,673
14957,Shakugan no Shana: Friagne to Marianne no Naze Nani Shana! Nandemo Shitsumonbako! 2,"Comedy, Fantasy, Supernatural",Special,8,6.71,4982,6.71,95.7257649277625,671
660,Denshin Mamotte Shugogetten,"Comedy, Fantasy, Magic, Romance, Shounen",OVA,8,6.64,2372,6.64,94.5850469272931,664
30953,Arslan Senki (TV) Specials,Comedy,Special,8,6.62,5241,6.62,89.3460788702662,662
23579,12-sai.,"Romance, School, Shoujo",OVA,8,6.59,6211,6.59,90.8141453711408,659
1905,Harukanaru Toki no Naka de: Hachiyou Shou Specials,"Fantasy, Historical, Magic, Romance, Shoujo, Supernatural",Special,8,6.52,1773,6.52,91.8733888991899,652
30291,Mini Hama: Minimum Hamatora,"Comedy, Mystery, School, Shounen, Super Power",TV,8,6.53,1947,6.53,90.3742803875683,653
4418,Catman Series II,"Comedy, Fantasy, Slice of Life",ONA,8,6.49,755,6.49,87.5171806288907,649
4853,Tezuka Osamu no Don Dracula,"Comedy, Horror, Supernatural, Vampire",TV,8,6.44,934,6.44,92.6291365199704,644
13859,Accel World: Acchel World.,"Comedy, Sci-Fi",Special,8,6.38,26190,6.38,84.723860917691,638
16646,Hanamaru Youchien: Panda Neko Taisou,"Comedy, Kids, Music",Special,8,6.34,1430,6.34,92.3698673720662,634
2537,Angelique: Twin Collection,"Fantasy, Sci-Fi, Shoujo",OVA,8,6.32,906,6.32,82.3028468451489,632
28381,Monster High: Kowa-ike Girls,"Kids, Shoujo, Supernatural",ONA,8,6.32,244,6.32,83.5549245643464,632
30390,Sengoku Musou: Sengoku Musou High School,"Comedy, Samurai, School",Special,8,6.3,735,6.3,87.3614303196678,630
25431,Chain Chronicle: Short Animation,"Action, Adventure, Fantasy, Magic, Shounen",OVA,8,6.17,2814,6.17,85.2090413726114,617
31865,Kare Baka: Wagahai no Kare wa Baka de R,"Comedy, Romance, School",ONA,8,6.1,4391,6.1,84.4734488808459,610
3264,Lemon Angel (1988/II),Ecchi,TV,8,6.05,462,6.05,83.5646591264955,605
8176,Teinenpi Shoujo Haiji,Comedy,ONA,8,6.05,216,6.05,84.2727817724976,605
3863,Sweet Valerian Specials,"Comedy, Magic, Shoujo",Special,8,5.92,601,5.92,81.448706252166,592
10958,High Score,"Comedy, Shoujo",TV,8,5.85,4894,5.85,83.8859379548194,585
964,Hit wo Nerae!,"Comedy, Ecchi",TV,8,5.64,3772,5.64,80.8743919436226,564
15045,Litchi DE Hikari Club,"Comedy, Drama, Horror, Psychological, Romance",TV,8,5.36,7597,5.36,75.3360981823049,536
112,Chou Henshin Cosprayers,"Action, Adventure, Comedy, Ecchi, Fantasy, Magic, Sci-Fi, Super Power",TV,8,5.11,5555,5.11,77.5537002913161,511
4266,Vie Durant,"Drama, Sci-Fi, Vampire",ONA,8,5.05,794,5.05,67.7978937135788,505
26017,Backkom Specials,"Comedy, Kids, Super Power",ONA,8,6.23,93,6.23,83.4325614935051,623
15787,Backstage Idol Story,Music,TV,8,5.55,292,5.55,70.788605136441,555
29467,Bubaga,"Adventure, Kids",TV,8,7.6,48,7.6,110.448795258204,760
29749,Convenience Store Senki Purin-tai,Comedy,ONA,8,4.48,59,4.48,63.7416104223924,448
20873,Hana no Zundamaru,"Comedy, Martial Arts, Parody",ONA,8,5.1,145,5.1,70.4226986110287,510
23881,Momon&#039;s Sand Witch,"Comedy, Kids",ONA,8,4.82,116,4.82,73.0441942320471,482
29729,Peeping Life x IODATA: Quiz!! Input Output,Comedy,ONA,8,3.72,117,3.72,53.2673088476642,372
33188,Sore Ike! Sabuibo Mask,"Comedy, Slice of Life",TV,8,3,101,3,42.3381675960512,300
24969,Sumiko (TV),"Comedy, Kids, Slice of Life",TV,8,4.07,108,4.07,56.9008361466941,407
30013,Super Short Comics,"Comedy, Parody",ONA,8,5.15,260,5.15,66.5657833685655,515
21509,Trip Trek (2010),"Adventure, Comedy, Fantasy",ONA,8,5,73,5,69.1173486424391,500
22757,X Maiden,"Comedy, School, Slice of Life",ONA,8,4.58,372,4.58,57.7571719809715,458
31317,Yonimo Kimyou na Man☆Gatarou,Comedy,OVA,8,5.33,45,5.33,74.5651910027997,533
33473,Tokyo Futago Athletic,"Comedy, Sports",ONA,8,,75,,,
