anime_id,name,genre,type,episodes,rating,members,rating_10,rating_100,rating_1000
5114,Fullmetal Alchemist: Brotherhood,"Action, Adventure, Drama, Fantasy, Magic, Military, Shounen",TV,64,9.26,793665,9.26,132.915683384913,926
154,Shaman King,"Action, Adventure, Comedy, Drama, Shounen, Supernatural",TV,64,7.83,169517,7.83,113.035156365917,783
15649,Puchimas!: Petit iDOLM@STER,"Comedy, Slice of Life",ONA,64,7.26,9208,7.26,101.850745923504,726
19067,Future Card Buddyfight,Game,TV,64,7.17,3417,7.17,101.427545157073,717
225,Dragon Ball GT,"Action, Adventure, Comedy, Fantasy, Magic, Sci-Fi, Shounen, Super Power",TV,64,6.72,226625,6.72,88.5439022638392,672
3399,Rokushin Gattai GodMars,"Action, Mecha, Sci-Fi, Space",TV,64,6.52,917,6.52,89.0325257182616,652
3947,Jarinko Chie (TV),"Comedy, Drama, Slice of Life",TV,64,7.11,323,7.11,103.971216524077,711
31698,Zhan Long Si Qu,"Cars, Kids",TV,64,4.8,67,4.8,64.7166788338406,480
