anime_id,name,genre,type,episodes,rating,members,rating_10,rating_100,rating_1000
1482,D.Gray-man,"Action, Adventure, Comedy, Shounen",TV,103,8.2,334399,8.2,114.654257716233,820
3077,Warau Salesman,"Comedy, Drama, Seinen",TV,103,6.76,711,6.76,88.9286062872101,676
11268,Ganso Tensai Bakabon,"Comedy, Slice of Life",TV,103,6.75,288,6.75,96.9627759240528,675
5618,Dokonjou Gaeru,"Comedy, Slice of Life",TV,103,6.74,378,6.74,95.9093146788276,674
16530,Ojamanga Yamada-kun,"Comedy, Slice of Life",TV,103,7.77,250,7.77,104.529288936502,777
