anime_id,name,genre,type,episodes,rating,members,rating_10,rating_100,rating_1000
5941,Cross Game,"Comedy, Drama, Romance, School, Sports",TV,50,8.53,53108,8.53,118.119448722035,853
5420,Kemono no Souja Erin,"Drama, Fantasy",TV,50,8.45,36751,8.45,117.998684294933,845
1559,Shijou Saikyou no Deshi Kenichi,"Action, Comedy, Martial Arts, School, Shounen",TV,50,8.25,129112,8.25,118.265647816606,825
237,Eureka Seven,"Adventure, Drama, Mecha, Romance, Sci-Fi",TV,50,8.19,239570,8.19,111.678286480335,819
6586,Yume-iro Pâtissière,"Kids, School, Shoujo",TV,50,8.07,36921,8.07,115.976021520036,807
85,Mobile Suit Zeta Gundam,"Drama, Mecha, Military, Sci-Fi, Space",TV,50,8.03,28959,8.03,105.686518032164,803
12815,Shirokuma Cafe,"Comedy, Josei, Slice of Life",TV,50,8.01,44668,8.01,109.509314349372,801
93,Mobile Suit Gundam Seed,"Action, Drama, Mecha, Military, Romance, Sci-Fi, Space",TV,50,7.93,96973,7.93,111.035854728813,793
150,Blood+,"Action, Drama, Horror, Military, Mystery, Supernatural, Vampire",TV,50,7.8,208321,7.8,109.996305542432,780
95,Turn A Gundam,"Action, Adventure, Drama, Mecha, Military, Sci-Fi, Space",TV,50,7.76,20056,7.76,106.856730693749,776
28669,Go! Princess Precure,"Action, Comedy, Fantasy, Magic, School, Shoujo, Slice of Life",TV,50,7.74,5098,7.74,112.142357035454,774
129,Gensoumaden Saiyuuki,"Adventure, Comedy, Drama, Shounen, Supernatural",TV,50,7.71,31179,7.71,106.598521910855,771
1946,Ashita no Nadja,"Adventure, Drama, Historical, Romance, Shoujo",TV,50,7.68,13742,7.68,109.814137884392,768
6604,Kuruneko,"Comedy, Slice of Life",TV,50,7.63,2526,7.63,107.607415725129,763
4039,Golgo 13 (TV),"Action, Adventure, Drama, Seinen, Thriller",TV,50,7.61,18687,7.61,104.712734447357,761
283,Akage no Anne,"Drama, Historical, Slice of Life",TV,50,7.6,9460,7.6,109.37633188351,760
200,Tenshi na Konamaiki,"Comedy, Magic, Romance, Shounen",TV,50,7.6,15077,7.6,105.866116756302,760
852,Gokinjo Monogatari,"Comedy, Drama, Romance, Slice of Life",TV,50,7.56,7279,7.56,104.972078086371,756
2254,Sentou Mecha Xabungle,"Mecha, Military, Sci-Fi, Shounen",TV,50,7.51,1518,7.51,106.302885829875,751
1426,Lupin III: Part III,"Action, Adventure, Comedy, Shounen",TV,50,7.5,6883,7.5,110.214026514206,750
1590,Legendz: Yomigaeru Ryuuou Densetsu,"Action, Adventure, Comedy, Fantasy",TV,50,7.47,1370,7.47,104.409544319998,747
5684,Fresh Precure!,"Action, Comedy, Fantasy, Magic, Shoujo, Slice of Life",TV,50,7.45,7004,7.45,101.867729021725,745
3036,Tobe! Isami,"Action, Adventure, Comedy, Romance, Shounen",TV,50,7.43,854,7.43,105.020160530756,743
282,Angel Heart,"Action, Drama, Mystery, Romance, Seinen",TV,50,7.38,9550,7.38,106.094724407246,738
712,Zoids Genesis,"Action, Adventure, Comedy, Mecha, Military",TV,50,7.38,9559,7.38,102.079058258723,738
1313,Digimon Adventure 02,"Action, Adventure, Comedy, Drama, Fantasy, Kids",TV,50,7.37,120268,7.37,104.886043313071,737
94,Mobile Suit Gundam Seed Destiny,"Action, Drama, Mecha, Military, Romance, Sci-Fi, Space",TV,50,7.36,65896,7.36,108.791232075324,736
3418,Jungle no Ouja Taa-chan,"Action, Comedy, Parody",TV,50,7.35,801,7.35,101.300105065386,735
2544,Kazoku Robinson Hyouryuuki: Fushigi na Shima no Flone,"Adventure, Drama, Historical, Slice of Life",TV,50,7.35,1794,7.35,105.335194148748,735
6901,Battle Spirits: Shounen Gekiha Dan,"Action, Game, Shounen",TV,50,7.3,1135,7.3,97.7645418560457,730
352,Motto! Ojamajo Doremi,"Comedy, Fantasy, Magic, Shoujo",TV,50,7.29,8760,7.29,101.766433819591,729
1132,Digimon Frontier,"Action, Adventure, Comedy, Drama, Fantasy, Shounen",TV,50,7.25,74929,7.25,100.994141009695,725
1891,YAT Anshin! Uchuu Ryokou,"Adventure, Comedy, Sci-Fi, Shounen",TV,50,7.24,887,7.24,107.062653240183,724
4690,Cyborg 009 (1979),"Action, Adventure, Mecha, Sci-Fi, Shounen",TV,50,7.23,3625,7.23,96.5296208479067,723
7152,Anyamal Tantei Kiruminzoo,"Comedy, Magic, Shoujo",TV,50,7.16,3605,7.16,96.879290953256,716
9346,Battle Spirits: Brave,"Action, Shounen",TV,50,7.15,1337,7.15,100.782334026304,715
32105,Sousei no Onmyouji,"Action, Fantasy, Shounen, Supernatural",TV,50,7.11,128869,7.11,99.2465123388728,711
3754,Tongari Boushi no Memole,"Fantasy, Magic, Shoujo",TV,50,7.11,1009,7.11,97.5057052383404,711
2573,Minami no Niji no Lucy,"Adventure, Drama, Slice of Life",TV,50,7.05,742,7.05,96.8402755274124,705
26453,Tribe Cool Crew,"Music, School",TV,50,7.05,3334,7.05,99.0705561556606,705
971,Astro Boy: Tetsuwan Atom,"Action, Adventure, Kids, Mecha, Sci-Fi, Shounen, Super Power",TV,50,7.02,9331,7.02,97.0292412221519,702
2230,Hana no Ko Lunlun,"Drama, Magic, Shoujo",TV,50,7.02,2080,7.02,96.5927084382298,702
30039,Future Card Buddyfight 100,Game,TV,50,6.98,1365,6.98,95.2713212885057,698
2933,Mirai Keisatsu Urashiman,"Comedy, Police, Sci-Fi",TV,50,6.92,776,6.92,95.5090658187567,692
3672,Tottemo! Luckyman,"Comedy, Sci-Fi, Shounen, Super Power",TV,50,6.89,439,6.89,96.9670689690775,689
2128,Yuusha Raideen,"Action, Adventure, Mecha, Sci-Fi, Shounen",TV,50,6.87,989,6.87,103.009591615067,687
5082,Battle Spirits: Shounen Toppa Bashin,"Game, Shounen",TV,50,6.84,1336,6.84,100.035299584708,684
5201,Salad Juu Yuushi Tomatoman,"Adventure, Comedy",TV,50,6.81,443,6.81,96.5220848643267,681
2980,Kuusou Kagaku Sekai Gulliver Boy,"Action, Adventure, Fantasy, Magic, Mecha",TV,50,6.77,534,6.77,95.5258209119108,677
11017,Battle Spirits: Heroes,"Action, Shounen",TV,50,6.71,836,6.71,95.621801800429,671
4183,Uchuu Taitei God Sigma,"Action, Mecha, Space",TV,50,6.72,353,6.72,96.7231808741489,672
1673,Bomberman B-Daman Bakugaiden V,"Sci-Fi, Shounen",TV,50,6.7,932,6.7,93.2913097210639,670
2804,Hana no Mahoutsukai Mary Bell,"Adventure, Fantasy, Magic, Shoujo",TV,50,6.7,1033,6.7,94.541068357774,670
4504,Kinkyuu Hasshin Saver Kids,"Action, Adventure, Comedy, Mecha, Sci-Fi",TV,50,6.64,225,6.64,93.0741524074302,664
4536,Muteki Robo Trider G7,"Comedy, Mecha, Sci-Fi, Space",TV,50,6.64,350,6.64,98.7528646482043,664
4067,Shin Megami Tensei Devil Children,"Action, Adventure, Demons, Fantasy, Game, Kids, Magic, Sci-Fi, Supernatural",TV,50,6.63,1110,6.63,90.9663668643268,663
3776,Go! Go! Itsutsugo Land,School,TV,50,6.59,393,6.59,93.0289176712832,659
7048,Crush Gear Nitro,"Cars, Shounen, Sports",TV,50,6.58,700,6.58,95.8313063693605,658
3444,The Ultraman,"Action, Sci-Fi, Shounen, Space, Super Power",TV,50,6.53,737,6.53,93.0544453786524,653
10528,Duel Masters Cross Shock,"Action, Adventure, Comedy, Shounen",TV,50,6.5,920,6.5,95.9530962251363,650
5292,Getter Robo Go,"Action, Adventure, Mecha, Military, Shounen",TV,50,6.46,696,6.46,89.9871937628712,646
4563,Bakkyuu HIT! Crash Bedaman,Adventure,TV,50,6.43,747,6.43,84.0751232755651,643
24699,Ai Tenchi Muyou!,"Comedy, Sci-Fi, Shounen",TV,50,6.31,15313,6.31,89.0719484293796,631
3020,Gu-Gu Ganmo,"Comedy, School",TV,50,6.28,259,6.28,91.7974765873858,628
7867,Gon,"Action, Adventure, Kids",TV,50,6.25,917,6.25,93.2518675398354,625
2824,Barbapapa Sekai wo Mawaru,"Adventure, Comedy",TV,50,6.19,528,6.19,91.6960575356147,619
310,"Chiisana Obake Acchi, Kocchi, Socchi","Comedy, Supernatural",TV,50,6.17,1226,6.17,84.3994919594731,617
32630,Coral no Tanken,"Adventure, Kids, Music",TV,50,6.14,54,6.14,84.3438470076634,614
23799,Dango San Kyoudai Attoiuma Gekijou,"Kids, Music",TV,50,7.3,74,7.3,106.323536977613,730
28087,Ehon Yose,"Historical, Horror, Kids",TV,50,5.25,99,5.25,74.1081928451317,525
30026,Ekubo Ouji,"Comedy, Kids",TV,50,6.5,39,6.5,87.119482691853,650
23107,GO-GO Tamagotchi!,"Comedy, Fantasy, Kids",TV,50,7.17,198,7.17,100.310692305704,717
3251,Hatara Kids Mai Ham Gumi,"Action, Kids",TV,50,5.54,190,5.54,68.0652245461491,554
8065,Karakuri Kengou Den Musashi Lord,"Action, Adventure, Mecha",TV,50,6.37,208,6.37,90.964221170018,637
18155,Linetown,Comedy,TV,50,6.18,369,6.18,87.5927794862094,618
13177,Little Charo,Slice of Life,TV,50,6.57,131,6.57,90.3993784743443,657
13179,Little Charo 2,Slice of Life,TV,50,6.3,103,6.3,88.2326724280579,630
16393,Norakuro-kun,"Comedy, Mystery",TV,50,7.17,114,7.17,102.985870196728,717
10855,Penguin no Mondai Max,"Comedy, Kids",TV,50,6.88,101,6.88,94.4081338154935,688
20147,Robokko Beeton,"Adventure, Comedy, Kids, Slice of Life",TV,50,6.17,71,6.17,88.6295731932888,617
9061,RPG Densetsu Hepoi,"Adventure, Fantasy",TV,50,6.89,158,6.89,98.8840056589967,689
4574,Saikyou Robot Daioja,"Action, Mecha, Shounen",TV,50,6.64,219,6.64,88.4979324871694,664
7419,Wrestler Gundan Seisenshi Robin Jr.,"Action, Adventure, Comedy, Fantasy, Kids, Parody, Sci-Fi, Super Power",TV,50,6.32,145,6.32,91.7530655134254,632
