anime_id,name,genre,type,episodes,rating,members,rating_10,rating_100,rating_1000
22043,Fairy Tail (2014),"Action, Adventure, Comedy, Fantasy, Magic, Shounen",TV,102,8.25,255076,8.25,113.644868902765,825
1486,Kodomo no Omocha (TV),"Comedy, Drama, Romance, Shoujo",TV,102,8.18,27893,8.18,111.994470770382,818
738,MÄR,"Action, Adventure, Comedy, Fantasy, Shounen",TV,102,7.42,28968,7.42,107.886501615739,742
16908,Ganbare! Oden-kun,Comedy,TV,102,5.83,97,5.83,83.3377737629364,583
10137,Manga Naruhodo Monogatari,"Adventure, Kids",TV,102,6.74,115,6.74,96.4069465239674,674
