anime_id,name,genre,type,episodes,rating,members,rating_10,rating_100,rating_1000
386,H2,"Comedy, Romance, Shounen, Sports",TV,41,7.39,4450,7.39,103.189929685152,739
2818,Madou King Granzort,"Action, Comedy, Fantasy, Magic, Mecha, Sci-Fi, Shounen",TV,41,7.31,835,7.31,103.779228940324,731
1638,Peter Pan no Bouken,"Adventure, Fantasy",TV,41,6.91,2146,6.91,95.3881919538313,691
30412,Shi Xiong,"Action, Comedy, Horror",ONA,41,6.87,566,6.87,100.889719576185,687
8025,Chi-Sui Maru,Comedy,TV,41,5.63,185,5.63,85.5717198993874,563
9882,High School Mystery: Gakuen Nanafushigi,"Horror, Mystery",TV,41,7.14,344,7.14,96.0023433045053,714
33305,Hua Jianghu Zhi Ling Zhu,"Action, Drama, Fantasy, Historical, Martial Arts",ONA,41,7.57,171,7.57,102.975069616005,757
29371,Naccio to Pomm,"Adventure, Kids, Sci-Fi",TV,41,4.75,43,4.75,68.1858288505173,475
