anime_id,name,genre,type,episodes,rating,members,rating_10,rating_100,rating_1000
1,Cowboy Bebop,"Action, Adventure, Comedy, Drama, Sci-Fi, Space",TV,26,8.82,486824,8.82,123.534982009596,882
17074,Monogatari Series: Second Season,"Comedy, Mystery, Romance, Supernatural, Vampire",TV,26,8.8,205959,8.8,125.083982083147,880
457,Mushishi,"Adventure, Fantasy, Historical, Mystery, Seinen, Slice of Life, Supernatural",TV,26,8.78,300030,8.78,120.235116923015,878
5258,Hajime no Ippo: New Challenger,"Comedy, Drama, Shounen, Sports",TV,26,8.75,88995,8.75,121.013720738287,875
6114,Rainbow: Nisha Rokubou no Shichinin,"Drama, Historical, Seinen, Thriller",TV,26,8.64,139474,8.64,122.192473640853,864
801,Ghost in the Shell: Stand Alone Complex 2nd GIG,"Action, Mecha, Military, Mystery, Police, Sci-Fi, Seinen",TV,26,8.57,113993,8.57,121.942142404076,857
12029,Uchuu Senkan Yamato 2199,"Action, Drama, Military, Sci-Fi, Space",OVA,26,8.53,44223,8.53,118.622445625257,853
14719,JoJo no Kimyou na Bouken (TV),"Action, Adventure, Shounen, Supernatural, Vampire",TV,26,8.51,190197,8.51,119.652518665148,851
10165,Nichijou,"Comedy, School, Slice of Life",TV,26,8.52,254436,8.52,122.989435542556,852
205,Samurai Champloo,"Action, Adventure, Comedy, Historical, Samurai, Shounen",TV,26,8.5,390076,8.5,109.626934790308,850
467,Ghost in the Shell: Stand Alone Complex,"Action, Mecha, Military, Police, Sci-Fi, Seinen",TV,26,8.47,194491,8.47,118.996586170892,847
627,Major S1,"Comedy, Drama, Shounen, Sports",TV,26,8.42,41061,8.42,117.850890848024,842
558,Major S2,"Comedy, Drama, Shounen, Sports",TV,26,8.41,30689,8.41,119.18006653342,841
57,Beck,"Comedy, Drama, Music, Shounen, Slice of Life",TV,26,8.4,148328,8.4,117.453704074605,840
1842,Major S3,"Drama, Shounen, Sports",TV,26,8.4,29528,8.4,120.725214561193,840
853,Ouran Koukou Host Club,"Comedy, Harem, Romance, School, Shoujo",TV,26,8.39,422271,8.39,117.076124671962,839
329,Planetes,"Drama, Romance, Sci-Fi, Seinen, Space",TV,26,8.38,105044,8.38,121.966675715488,838
6811,InuYasha: Kanketsu-hen,"Action, Adventure, Comedy, Demons, Fantasy, Magic, Romance, Shounen, Supernatural",TV,26,8.37,99128,8.37,117.009905020473,837
3226,Major S4,"Comedy, Drama, Shounen, Sports",TV,26,8.35,28002,8.35,118.366547141035,835
3002,Gyakkyou Burai Kaiji: Ultimate Survivor,"Game, Psychological, Seinen, Thriller",TV,26,8.33,98996,8.33,111.612510013309,833
16067,Nagi no Asukara,"Drama, Fantasy, Romance",TV,26,8.32,224947,8.32,121.324468555926,832
30,Neon Genesis Evangelion,"Action, Dementia, Drama, Mecha, Psychological, Sci-Fi",TV,26,8.32,461946,8.32,115.817831790324,832
6,Trigun,"Action, Comedy, Sci-Fi",TV,26,8.32,283069,8.32,115.776280755067,832
962,Aria The Natural,"Fantasy, Sci-Fi, Shounen, Slice of Life",TV,26,8.3,39596,8.3,114.230240007232,830
10271,Gyakkyou Burai Kaiji: Hakairoku-hen,"Game, Psychological, Seinen, Thriller",TV,26,8.29,55566,8.29,115.492895819147,829
7054,Kaichou wa Maid-sama!,"Comedy, Romance, School, Shoujo",TV,26,8.26,391628,8.26,110.960309781632,826
1827,Seirei no Moribito,"Action, Adventure, Fantasy, Historical",TV,26,8.24,106888,8.24,116.322753709135,824
185,Initial D First Stage,"Action, Cars, Drama, Seinen, Sports",TV,26,8.23,68128,8.23,112.400563789322,823
2164,Dennou Coil,"Adventure, Comedy, Drama, Mystery, Sci-Fi",TV,26,8.19,76860,8.19,107.284551488632,819
934,Higurashi no Naku Koro ni,"Horror, Mystery, Psychological, Supernatural, Thriller",TV,26,8.17,359494,8.17,113.470918991633,817
302,Mirai Shounen Conan,"Adventure, Drama, Sci-Fi",TV,26,8.16,15557,8.16,109.902181916642,816
5682,Phantom: Requiem for the Phantom,"Action, Drama, Seinen, Thriller",TV,26,8.16,159105,8.16,114.916891213125,816
846,School Rumble Ni Gakki,"Comedy, Romance, School, Shounen",TV,26,8.15,93095,8.15,111.066229359777,815
7791,K-On!!,"Comedy, Music, School, Slice of Life",TV,26,8.14,246276,8.14,111.662196512781,814
535,Slayers Next,"Adventure, Comedy, Demons, Fantasy, Magic",TV,26,8.14,39832,8.14,112.722898985969,814
1594,Jigoku Shoujo Futakomori,"Horror, Mystery, Psychological, Supernatural",TV,26,8.08,79816,8.08,113.784898239136,808
10620,Mirai Nikki (TV),"Action, Mystery, Psychological, Shounen, Supernatural, Thriller",TV,26,8.07,657190,8.07,113.659651205613,807
6582,Tentai Senshi Sunred 2nd Season,"Comedy, Parody, Seinen, Super Power",TV,26,8.07,4584,8.07,113.477949466067,807
66,Azumanga Daioh,"Comedy, School, Slice of Life",TV,26,8.06,170901,8.06,115.344629723756,806
24,School Rumble,"Comedy, Romance, School, Shounen",TV,26,8.06,178553,8.06,113.348469475938,806
2618,Takarajima,"Adventure, Drama, Historical, Mystery",TV,26,8.04,5306,8.04,112.617419746249,804
9289,Hanasaku Iroha,"Comedy, Drama, Seinen, Slice of Life",TV,26,8.03,150393,8.03,113.141438466262,803
114,Sakigake!! Cromartie Koukou,"Comedy, School, Shounen",TV,26,8.02,67254,8.02,112.540135588544,802
658,Touhai Densetsu Akagi: Yami ni Maiorita Tensai,"Game, Psychological, Seinen, Thriller",TV,26,8.02,48127,8.02,110.526894477266,802
267,Gungrave,"Action, Drama, Sci-Fi, Seinen, Super Power",TV,26,7.97,95825,7.97,109.364846904894,797
253,Jungle wa Itsumo Hare nochi Guu,"Comedy, School, Slice of Life",TV,26,7.97,22214,7.97,112.757616010799,797
569,Musekinin Kanchou Tylor,"Comedy, Military, Parody, Sci-Fi, Space",TV,26,7.97,19841,7.97,113.579369979178,797
5485,Shin Mazinger Shougeki! Z-hen,"Action, Mecha, Shounen, Super Power",TV,26,7.96,7872,7.96,110.035815770696,796
5005,Tentai Senshi Sunred,"Comedy, Parody, Seinen, Super Power",TV,26,7.96,12236,7.96,115.736898135303,796
2104,Seto no Hanayome,"Comedy, Parody, Romance, School",TV,26,7.95,165008,7.95,108.626404561484,795
97,Last Exile,"Action, Adventure, Sci-Fi",TV,26,7.94,104193,7.94,112.092731507395,794
1172,Slayers Try,"Adventure, Comedy, Demons, Fantasy, Magic, Shounen",TV,26,7.93,32742,7.93,113.94070782956,793
202,Wolf&#039;s Rain,"Action, Adventure, Drama, Fantasy, Mystery, Sci-Fi",TV,26,7.93,171863,7.93,110.767308127401,793
1818,Claymore,"Action, Adventure, Demons, Fantasy, Shounen, Super Power, Supernatural",TV,26,7.92,316853,7.92,111.704948966201,792
534,Slayers,"Adventure, Comedy, Demons, Fantasy, Magic",TV,26,7.87,73476,7.87,113.31741476192,787
4177,Bounen no Xamdou,"Action, Military, Sci-Fi",ONA,26,7.82,79026,7.82,109.40456253049,782
3713,Jigoku Shoujo Mitsuganae,"Mystery, Psychological, Supernatural",TV,26,7.81,58993,7.81,114.051048871031,781
120,Fruits Basket,"Comedy, Drama, Fantasy, Romance, Shoujo, Slice of Life",TV,26,7.8,242553,7.8,106.983545458825,780
74,Gakuen Alice,"Comedy, Magic, School, Shoujo",TV,26,7.8,52995,7.8,110.914733071999,780
182,Tenkuu no Escaflowne,"Adventure, Fantasy, Mecha, Romance, Shoujo",TV,26,7.8,83437,7.8,109.426537542359,780
228,Jigoku Shoujo,"Horror, Mystery, Psychological, Supernatural",TV,26,7.79,172415,7.79,111.206265161754,779
2112,Over Drive,"Shounen, Sports",TV,26,7.78,28007,7.78,116.150377964095,778
856,Utawarerumono,"Action, Drama, Fantasy, Sci-Fi",TV,26,7.78,91034,7.78,103.906298646979,778
20785,Mahouka Koukou no Rettousei,"Magic, Romance, School, Sci-Fi, Supernatural",TV,26,7.76,285317,7.76,106.929454772355,776
5507,Senjou no Valkyria,"Action, Military, Romance",TV,26,7.76,77591,7.76,107.971427330973,776
1915,Mahou Shoujo Lyrical Nanoha StrikerS,"Action, Comedy, Drama, Magic, Super Power",TV,26,7.74,35442,7.74,103.26746364849,774
1650,Uchuu Senkan Yamato,"Action, Adventure, Drama, Military, Sci-Fi, Space",TV,26,7.73,10688,7.73,107.870477887899,773
7661,Giant Killing,"Drama, Seinen, Sports",TV,26,7.71,36947,7.71,112.258027455295,771
1557,Shounen Onmyouji,"Action, Demons, Fantasy, Historical, Magic, Shoujo, Supernatural",TV,26,7.71,33321,7.71,107.557820189839,771
29854,Ushio to Tora (TV),"Action, Adventure, Comedy, Demons, Shounen, Supernatural",TV,26,7.71,90931,7.71,103.208018635553,771
914,Ike! Ina-chuu Takkyuubu,"Comedy, Ecchi, School, Sports",TV,26,7.7,7988,7.7,103.702424338032,770
969,Tsubasa Chronicle 2nd Season,"Action, Adventure, Drama, Fantasy, Mystery, Romance, Shounen, Supernatural",TV,26,7.7,79166,7.7,106.444693615814,770
340,Mutsu Enmei Ryuu Gaiden: Shura no Toki,"Action, Historical, Martial Arts, Samurai, Shounen",TV,26,7.68,13959,7.68,103.769245566169,768
455,Fantastic Children,"Adventure, Fantasy, Mystery, Romance, Sci-Fi",TV,26,7.67,17773,7.67,109.638189632195,767
177,Tsubasa Chronicle,"Action, Adventure, Fantasy, Magic, Romance, Shounen, Supernatural",TV,26,7.67,134705,7.67,107.598899356077,767
2002,Heroic Age,"Action, Mecha, Military, Sci-Fi, Space",TV,26,7.66,62530,7.66,104.146377892296,766
145,Kareshi Kanojo no Jijou,"Comedy, Drama, Romance, School, Shoujo, Slice of Life",TV,26,7.66,94165,7.66,106.488594903754,766
13655,Little Busters!,"Comedy, Drama, School, Slice of Life, Supernatural",TV,26,7.64,138655,7.64,112.027723699282,764
209,R.O.D the TV,"Action, Adventure, Comedy, Drama, Sci-Fi, Super Power",TV,26,7.64,47053,7.64,104.407944970569,764
1651,Uchuu Senkan Yamato 2,"Action, Adventure, Drama, Military, Sci-Fi, Space",TV,26,7.63,3461,7.63,101.759642382871,763
2409,Gokudou-kun Manyuuki,"Adventure, Comedy, Fantasy, Magic",TV,26,7.61,8131,7.61,105.155748479201,761
2330,Jibaku-kun,"Adventure, Comedy, Fantasy",TV,26,7.6,6036,7.6,104.043681666455,760
218,Kidou Senkan Nadesico,"Action, Comedy, Mecha, Military, Parody, Romance, Sci-Fi, Shounen, Space",TV,26,7.6,27976,7.6,105.064545544689,760
166,Samurai 7,"Historical, Mecha, Samurai, Sci-Fi",TV,26,7.6,74991,7.6,104.391825382716,760
98,Mai-HiME,"Action, Comedy, Drama, Fantasy, Magic, Mecha, Romance, School, Shoujo Ai",TV,26,7.59,76492,7.59,105.835012163351,759
593,Mugen no Ryvius,"Drama, Mecha, Military, Psychological, Sci-Fi, Space",TV,26,7.59,22714,7.59,104.331152166038,759
708,Patapata Hikousen no Bouken,"Adventure, Sci-Fi",TV,26,7.59,2629,7.59,101.284627472187,759
2337,Tetsujin 28-gou (2004),"Adventure, Mecha, Sci-Fi, Shounen",TV,26,7.59,1826,7.59,103.954973905836,759
102,Aishiteruze Baby★★,"Comedy, Drama, Romance, Shoujo",TV,26,7.58,63959,7.58,106.743758823265,758
5854,Shin Chou Kyou Ryo: Condor Hero III,"Action, Adventure, Drama, Historical, Romance",TV,26,7.58,1377,7.58,107.865691756976,758
59,Chobits,"Comedy, Drama, Ecchi, Romance, Sci-Fi, Seinen",TV,26,7.57,266846,7.57,109.2513761767,757
379,Heppoko Jikken Animation Excel♥Saga,"Comedy, Parody, Sci-Fi, Shounen",TV,26,7.57,68198,7.57,110.128661307915,757
490,Paniponi Dash!,"Comedy, Parody, School",TV,26,7.57,38532,7.57,104.538160341427,757
567,The Big O,"Action, Mecha, Mystery, Psychological, Sci-Fi",TV,26,7.57,45843,7.57,107.05690353043,757
131,Saiyuuki Reload Gunlock,"Action, Adventure, Comedy, Fantasy, Shoujo",TV,26,7.56,11233,7.56,108.392320438719,756
879,Simoun,"Drama, Magic, Military, Romance, Shoujo Ai",TV,26,7.56,24664,7.56,107.829941386384,756
5712,Tanoshii Muumin Ikka Bouken Nikki,"Adventure, Fantasy, Kids, Slice of Life",TV,26,7.56,2740,7.56,102.294487997481,756
29,Zipang,"Action, Drama, Historical, Military, Sci-Fi, Seinen",TV,26,7.56,8630,7.56,106.819943608952,756
165,RahXephon,"Action, Drama, Mecha, Music, Mystery, Psychological, Romance, Sci-Fi",TV,26,7.55,66751,7.55,103.816698231964,755
1222,Bokura ga Ita,"Drama, Romance, Shoujo, Slice of Life",TV,26,7.54,125051,7.54,107.333262429716,754
327,Puchi Puri Yuushi,"Comedy, Fantasy, Magic, Shoujo",TV,26,7.54,8030,7.54,105.232167577307,754
696,Tenchi Muyou!,"Comedy, Harem, Romance, Sci-Fi, Shounen, Space",TV,26,7.54,38372,7.54,102.839955568582,754
2608,Wangan Midnight,"Action, Cars, Seinen, Sports",TV,26,7.54,10058,7.54,101.980054844307,754
959,Shin Chou Kyou Ryo: Condor Hero,"Adventure, Drama, Historical, Romance",TV,26,7.53,4777,7.53,104.059021430935,753
2014,Taiho Shichau zo: Second Season,"Action, Comedy, Police, Shounen",TV,26,7.52,5387,7.52,104.119680848278,752
1536,Busou Renkin,"Action, Comedy, Fantasy, School, Shounen, Supernatural",TV,26,7.51,104607,7.51,105.562319464984,751
1808,Kamichama Karin,"Comedy, Fantasy, Magic, Romance, School, Shoujo",TV,26,7.51,30747,7.51,100.185855123435,751
1212,Oban Star-Racers,"Adventure, Mecha, Sci-Fi, Shounen",TV,26,7.51,24156,7.51,103.94897594078,751
960,Shin Chou Kyou Ryo: Condor Hero II,"Adventure, Drama, Historical, Romance",TV,26,7.51,2151,7.51,106.21760188795,751
4189,Winter Sonata,"Drama, Romance",TV,26,7.51,13582,7.51,101.675420793538,751
2817,Cinderella Monogatari,"Adventure, Fantasy, Kids, Romance",TV,26,7.5,3560,7.5,100.755555053341,750
1684,Dotto Koni-chan,Comedy,TV,26,7.5,1397,7.5,102.770870543031,750
2204,Karakuri Zoushi Ayatsuri Sakon,"Horror, Mystery, Thriller",TV,26,7.5,6197,7.5,104.883898089918,750
501,Doraemon,"Adventure, Comedy, Fantasy, Kids, Shounen",TV,26,7.49,9366,7.49,107.13094897755,749
1878,Kaze no Shoujo Emily,"Drama, Historical, Shoujo",TV,26,7.49,2881,7.49,103.849492582397,749
113,Uchuu no Stellvia,"Action, Romance, Sci-Fi, Space",TV,26,7.49,15471,7.49,104.158561973891,749
17505,Mushibugyou,"Action, Fantasy, Historical, Martial Arts, Samurai, Shounen, Super Power",TV,26,7.47,40155,7.47,102.192023964176,747
4884,Tales of the Abyss,"Adventure, Drama, Fantasy",TV,26,7.47,74901,7.47,103.616976443172,747
878,Zegapain,"Action, Mecha, Romance, Sci-Fi",TV,26,7.47,20644,7.47,102.207255006005,747
1972,Meitantei Holmes,"Adventure, Comedy, Mystery",TV,26,7.46,3985,7.46,105.717605335058,746
2986,Bamboo Blade,"Comedy, School, Seinen, Sports",TV,26,7.45,61649,7.45,109.391063216345,745
519,Mahoraba: Heartful days,"Comedy, Drama, Romance, Shounen",TV,26,7.45,16764,7.45,111.765083195697,745
168,s.CRY.ed,"Action, Adventure, Drama, Sci-Fi, Super Power",TV,26,7.45,52784,7.45,104.452040056413,745
855,Strawberry Panic,"Drama, Romance, School, Shoujo Ai",TV,26,7.45,72790,7.45,106.590194596364,745
764,Zoids Shinseiki/Zero,"Adventure, Comedy, Mecha, Sci-Fi, Shounen, Sports",TV,26,7.45,16381,7.45,104.770766163231,745
1450,Brigadoon: Marin to Melan,"Adventure, Comedy, Drama, Mecha, Sci-Fi",TV,26,7.44,5636,7.44,100.485131990285,744
1250,Erementar Gerad,"Adventure, Comedy, Fantasy, Magic, Romance, Super Power",TV,26,7.44,63193,7.44,103.399859674016,744
653,Galaxy Angel 3,"Comedy, Sci-Fi",TV,26,7.44,6244,7.44,104.671186666718,744
3655,Nabari no Ou,"Action, Comedy, Drama, Fantasy, Shounen, Supernatural",TV,26,7.44,107384,7.44,102.150719980507,744
485,Damekko Doubutsu,Comedy,TV,26,7.43,8024,7.43,104.079564599227,743
1722,Nagasarete Airantou,"Comedy, Ecchi, Fantasy, Harem, Romance",TV,26,7.43,52817,7.43,102.017978965056,743
3859,Himitsu: The Revelation,"Mystery, Police, Psychological, Sci-Fi, Shoujo",TV,26,7.42,11761,7.42,96.7044090855436,742
335,Matantei Loki Ragnarok,"Comedy, Magic, Mystery, Shounen, Supernatural",TV,26,7.42,25098,7.42,100.180846146232,742
3549,Allison to Lillia,"Action, Adventure, Shounen",TV,26,7.41,27571,7.41,107.442406686748,741
272,Noir,"Action, Drama, Mystery",TV,26,7.41,66036,7.41,101.00210874116,741
5226,Souten Kouro,"Action, Adventure, Historical",TV,26,7.41,9852,7.41,101.227067138955,741
940,Inukami!,"Comedy, Ecchi, Romance, Shounen, Supernatural",TV,26,7.4,47882,7.4,104.40099966373,740
99,Mai-Otome,"Comedy, Drama, Fantasy, Magic",TV,26,7.4,36924,7.4,106.709365376919,740
1231,Saber Marionette J to X,"Action, Adventure, Comedy, Harem, Mecha, Sci-Fi",TV,26,7.39,8862,7.39,105.35878219366,739
5675,Basquash!,"Ecchi, Mecha, Shounen, Sports",TV,26,7.38,30323,7.38,105.742412221527,738
411,Gun x Sword,"Action, Adventure, Drama, Mecha, Sci-Fi, Shounen",TV,26,7.38,45921,7.38,105.249624662133,738
1374,Kyoushoku Soukou Guyver (2005),"Adventure, Sci-Fi, Shounen",TV,26,7.38,12337,7.38,103.330398946913,738
2152,Oh! Edo Rocket,"Comedy, Drama, Fantasy, Historical, Sci-Fi",TV,26,7.38,8221,7.38,101.506009455598,738
22013,Ghost in the Shell: Nyuumon Arise,Comedy,TV,26,7.37,4636,7.37,100.509280674292,737
3485,Ghost in the Shell: Stand Alone Complex 2nd GIG - Tachikoma na Hibi,"Comedy, Mecha, Sci-Fi",Special,26,7.37,14240,7.37,102.267116932749,737
3577,Kyouran Kazoku Nikki,"Comedy, Sci-Fi",TV,26,7.36,20883,7.36,106.536222998602,736
7,Witch Hunter Robin,"Action, Drama, Magic, Mystery, Police, Supernatural",TV,26,7.36,64905,7.36,100.57044970912,736
61,D.N.Angel,"Action, Comedy, Fantasy, Magic, Romance, School, Shoujo",TV,26,7.35,126914,7.35,97.9206400741158,735
32245,Kuromukuro,"Action, Mecha, Sci-Fi",TV,26,7.35,46323,7.35,103.557751320424,735
9241,Super Robot Taisen OG: The Inspector,"Action, Mecha, Sci-Fi, Space",TV,26,7.35,5962,7.35,103.191553141278,735
390,Suzuka,"Drama, Romance, Sports",TV,26,7.35,64161,7.35,104.290025706776,735
28013,Macross Δ,"Action, Mecha, Military, Music, Romance, Sci-Fi, Space",TV,26,7.34,30308,7.34,103.784572383078,734
3455,To LOVE-Ru,"Comedy, Ecchi, Harem, Romance, School, Sci-Fi",TV,26,7.34,237563,7.34,105.927419898927,734
4896,Umineko no Naku Koro ni,"Horror, Mystery, Psychological, Supernatural",TV,26,7.34,126865,7.34,101.316799413524,734
1846,Princess Nine: Kisaragi Joshikou Yakyuubu,"Drama, Romance, Sports",TV,26,7.33,5758,7.33,97.4003419961346,733
10447,Aquarion Evol,"Action, Comedy, Drama, Fantasy, Mecha, Romance, Sci-Fi",TV,26,7.32,62753,7.32,98.8876338583765,732
2030,El Cazador de la Bruja,"Adventure, Drama, Mystery",TV,26,7.32,31874,7.32,100.51187206756,732
2624,"Flanders no Inu, Boku no Patrasche","Drama, Historical",TV,26,7.32,811,7.32,100.769615302178,732
52,Kidou Tenshi Angelic Layer,"Comedy, Drama, Sci-Fi, Shounen, Sports",TV,26,7.32,39758,7.32,104.551209372429,732
1335,Ghost in the Shell: Stand Alone Complex - Tachikoma na Hibi,"Comedy, Mecha, Sci-Fi",Special,26,7.31,18178,7.31,97.2432084031729,731
915,Ginga Densetsu Weed,"Adventure, Drama, Shounen",TV,26,7.31,7484,7.31,102.21153966584,731
3594,Tears to Tiara,"Action, Adventure, Fantasy, Magic",TV,26,7.31,50455,7.31,101.742802687133,731
178,Ultra Maniac,"Comedy, Magic, Romance, School, Shoujo",TV,26,7.3,20062,7.3,103.738140099317,730
1490,Ginga Tetsudou Monogatari,"Action, Adventure, Drama, Sci-Fi, Space",TV,26,7.29,5947,7.29,96.5059286720483,729
5041,Guin Saga,"Adventure, Fantasy",TV,26,7.29,26176,7.29,95.5746218948856,729
1108,Senkaiden Houshin Engi,"Adventure, Fantasy, Historical, Magic, Shounen, Supernatural",TV,26,7.28,10449,7.28,99.8467858377276,728
1086,Kenran Butou Sai: The Mars Daybreak,"Adventure, Comedy, Mecha, Military, Romance, Sci-Fi, Shounen",TV,26,7.27,13265,7.27,103.845957425782,727
4586,Daisuki! BuBu ChaCha,Kids,TV,26,7.26,800,7.26,92.895546344177,726
3624,Seimei no Kagaku: Micro Patrol,Adventure,TV,26,7.26,801,7.26,102.800711051713,726
5760,Dororo to Hyakkimaru,"Action, Adventure, Supernatural",TV,26,7.25,1238,7.25,100.054452069528,725
30014,Momokuri,"Comedy, Romance, Slice of Life",ONA,26,7.25,26147,7.25,103.728265995936,725
1493,Project ARMS: The 2nd Chapter,"Action, Fantasy, Martial Arts, School, Super Power",TV,26,7.25,3368,7.25,105.366270243188,725
22359,Sanzoku no Musume Ronja,Adventure,TV,26,7.25,15236,7.25,98.9684672721568,725
1823,Shin Hakkenden,"Action, Adventure, Martial Arts, Sci-Fi",TV,26,7.25,2692,7.25,103.247548065439,725
1133,Tenchi Muyou! GXP,"Action, Comedy, Harem, Mecha, Police, Sci-Fi, Shounen, Space",TV,26,7.25,17943,7.25,102.438006045498,725
3460,Bosco Daibouken,"Adventure, Fantasy, Kids",TV,26,7.24,699,7.24,101.067327711339,724
1778,Dae Jang Geum: Jang Geum&#039;s Dream,"Adventure, Comedy, Historical",TV,26,7.24,1315,7.24,102.410250111623,724
1179,Gakuen Senki Muryou,"Adventure, Mecha, Sci-Fi, Shounen, Space, Supernatural",TV,26,7.24,3108,7.24,98.0761673810917,724
690,Kyuuketsuhime Miyu (TV),"Action, Demons, Drama, Horror, Vampire",TV,26,7.24,21550,7.24,100.556464014273,724
8917,Mouretsu Pirates,"Sci-Fi, Space",TV,26,7.24,48245,7.24,91.6572611874793,724
3363,RD Sennou Chousashitsu,"Action, Sci-Fi",TV,26,7.24,16331,7.24,102.346142894239,724
678,Shadow Skill: Eigi,"Adventure, Drama, Fantasy, Magic, Martial Arts, Shounen, Super Power",TV,26,7.24,7977,7.24,105.056046718306,724
1576,Bakumatsu Kikansetsu Irohanihoheto,"Action, Drama, Historical, Samurai",ONA,26,7.22,28097,7.22,101.263162941745,722
1312,Chikyuu Bouei Kigyou Dai-Guard,"Adventure, Comedy, Mecha, Military, Sci-Fi",TV,26,7.21,4838,7.21,101.122895781817,721
1546,Negima!?,"Adventure, Comedy, Ecchi, Fantasy, Harem, Magic, Romance, School, Supernatural",TV,26,7.21,44009,7.21,99.6704355804049,721
592,PopoloCrois,"Adventure, Fantasy",TV,26,7.2,1065,7.2,99.7831588824081,720
478,Sousei no Aquarion,"Action, Mecha, Romance, Sci-Fi, Super Power, Supernatural",TV,26,7.2,46647,7.2,99.5498922520244,720
2331,Uchuu Densetsu Ulysses 31,"Action, Adventure, Sci-Fi, Space",TV,26,7.2,2297,7.2,96.6823882867792,720
568,Bubblegum Crisis Tokyo 2040,"Adventure, Mecha, Sci-Fi, Shounen",TV,26,7.19,20079,7.19,102.292145020351,719
247,Harukanaru Toki no Naka de: Hachiyou Shou,"Demons, Fantasy, Historical, Magic, Shoujo, Supernatural",TV,26,7.18,14550,7.18,103.117234333071,718
604,Mahou no Stage Fancy Lala,"Comedy, Drama, Magic, Music, Romance, Shoujo",TV,26,7.18,5991,7.18,101.518682644264,718
252,Madlax,"Drama, Magic, Military, Mystery, Psychological, Shounen, Supernatural",TV,26,7.17,25995,7.17,102.772969902621,717
5267,Gamba no Bouken,"Adventure, Kids",TV,26,7.16,790,7.16,102.612520505244,716
3327,Giant Gorg,"Adventure, Mecha, Sci-Fi",TV,26,7.16,1300,7.16,97.1624416966836,716
291,D.C.S.S: Da Capo Second Season,"Comedy, Drama, Harem, Romance, Supernatural",TV,26,7.15,23364,7.15,97.4237588332808,715
1492,Project ARMS,"Action, Martial Arts, Super Power",TV,26,7.15,6903,7.15,102.879843606629,715
48,.hack//Sign,"Adventure, Fantasy, Game, Magic, Mystery, Sci-Fi",TV,26,7.14,110304,7.14,98.6349832392602,714
8394,Cyborg 009 (TV),"Action, Adventure, Mecha, Sci-Fi, Shounen",TV,26,7.14,3496,7.14,98.7873522730813,714
58,Blue Gender,"Adventure, Drama, Horror, Mecha, Military, Romance, Sci-Fi, Space",TV,26,7.13,40581,7.13,102.68906465047,713
998,Blue Seed,"Action, Adventure, Comedy, Demons, Drama, Ecchi, Horror, Mystery, Romance, Sci-Fi",TV,26,7.13,15194,7.13,97.0593989041454,713
30649,Shin Atashin&#039;chi,"Comedy, Slice of Life",TV,26,7.14,1202,7.14,99.7126309579898,714
2604,Sky Girls,"Mecha, Military, Sci-Fi",TV,26,7.13,17115,7.13,99.0398668011366,713
2570,Ochame na Futago: Claire Gakuin Monogatari,"Comedy, Historical, Kids, School, Shoujo, Slice of Life",TV,26,7.12,1228,7.12,99.018125093971,712
9200,Dae Jang Geum: Jang Geum&#039;s Dream 2,"Adventure, Comedy, Historical",TV,26,7.11,452,7.11,99.0270733654387,711
157,Mahou Sensei Negima!,"Comedy, Ecchi, Fantasy, Harem, Magic, Romance, School, Shounen, Super Power, Supernatural",TV,26,7.11,76253,7.11,99.1855473284916,711
2713,Rockman.EXE Beast+,"Action, Adventure, Game, Mecha, Sci-Fi, Shounen",TV,26,7.11,3224,7.11,103.236547292258,711
116,El Hazard: The Wanderers,"Adventure, Comedy, Fantasy, Romance",TV,26,7.1,9289,7.1,100.155620206192,710
1184,Lost Universe,"Adventure, Comedy, Drama, Sci-Fi, Shounen, Space",TV,26,7.1,9293,7.1,99.6661283441175,710
525,Otogizoushi,"Adventure, Drama, Fantasy, Historical",TV,26,7.1,10591,7.1,96.5167000450786,710
5307,Sora wo Kakeru Shoujo,"Adventure, Comedy, Sci-Fi, Space",TV,26,7.09,17574,7.09,103.957884576984,709
311,Ace wo Nerae!,"Drama, Romance, School, Shoujo, Sports",TV,26,7.08,3945,7.08,99.4982082317942,708
162,Pita Ten,"Comedy, Fantasy, Kids, Romance, School, Shounen",TV,26,7.08,16047,7.08,99.19593507608,708
31196,Cardfight!! Vanguard G: GIRS Crisis-hen,"Action, Game, Shounen",TV,26,7.07,3060,7.07,101.377153276266,707
873,.hack//Roots,"Adventure, Drama, Fantasy, Game, Sci-Fi",TV,26,7.06,50480,7.06,101.124609397381,706
456,Gokujou Seitokai,"Comedy, School, Slice of Life",TV,26,7.06,12234,7.06,96.4033072234552,706
308,Zettai Shounen,"Drama, Fantasy, Mystery, Sci-Fi, Shounen",TV,26,7.06,11165,7.06,100.30714005389,706
1844,CLAMP Gakuen Tanteidan,"Action, Comedy, Mystery",TV,26,7.05,7830,7.05,98.0379887357494,705
1249,"Zone of the Enders: Dolores, I","Action, Adventure, Comedy, Mecha, Military, Sci-Fi, Space",TV,26,7.04,6753,7.04,97.9854489517773,704
20945,Iron Kid,"Action, Adventure, Comedy, Sci-Fi",TV,26,7.03,908,7.03,101.007198222982,703
1186,Battle Athletess Daiundoukai (TV),"Action, Adventure, Comedy, Drama, School, Sci-Fi, Shounen, Sports",TV,26,7.02,4806,7.02,93.5946250550225,702
2501,Papuwa,"Adventure, Comedy",TV,26,7.02,973,7.02,96.8606527717253,702
419,Samurai Deeper Kyou,"Adventure, Comedy, Historical, Shounen, Supernatural",TV,26,7.02,38580,7.02,95.4244318694288,702
5023,Ninpuu Kamui Gaiden,"Action, Adventure, Historical, Martial Arts, Samurai",TV,26,7.01,650,7.01,100.783151234262,701
2215,Kishin Taisen Gigantic Formula,"Mecha, Sci-Fi",TV,26,7,4633,7,99.0334437439197,700
1792,Overman King Gainer,"Action, Adventure, Mecha, Sci-Fi, Shounen",TV,26,7,6551,7,98.9336304831854,700
292,Dear Boys,"Drama, Shounen, Sports",TV,26,6.99,12662,6.99,100.954937037687,699
2772,Juushin Enbu: Hero Tales,"Action, Fantasy, Shounen",TV,26,6.99,16502,6.99,97.9504198289144,699
4054,Norimono Oukoku BuBu ChaCha,"Comedy, Slice of Life",TV,26,6.99,315,6.99,103.953956418591,699
2087,VS Knight Lamune &amp; 40 Fire,"Comedy, Fantasy, Mecha, Shounen",TV,26,6.99,1150,6.99,102.819213212233,699
14751,Bishoujo Senshi Sailor Moon Crystal,"Demons, Magic, Romance, Shoujo",ONA,26,6.96,69702,6.96,97.3576314393662,696
538,Shin Tenchi Muyou!,"Comedy, Harem, Romance, Sci-Fi, Shounen",TV,26,6.95,22621,6.95,95.9764238131009,695
1517,Silent Mobius,"Action, Comedy, Drama, Fantasy, Horror, Magic, Romance, Sci-Fi",TV,26,6.95,7664,6.95,102.06132430913,695
5311,Astroganger,"Action, Mecha, Sci-Fi",TV,26,6.94,492,6.94,98.9629367724208,694
13029,Arashi no Yoru ni: Himitsu no Tomodachi,"Adventure, Drama",TV,26,6.93,1597,6.93,96.5177933581863,693
62,D.C.: Da Capo,"Drama, Harem, Magic, Romance",TV,26,6.93,49909,6.93,99.0839434229933,693
4334,Heroman,"Action, Sci-Fi, Shounen",TV,26,6.93,23405,6.93,99.8798358488518,693
1502,Mahou Shoujo Pretty Sammy (1996),"Comedy, Fantasy, Magic, Parody, Seinen",TV,26,6.93,3501,6.93,95.8761038925584,693
2510,Sengoku Majin Goushougun,"Mecha, Parody, Sci-Fi",TV,26,6.93,849,6.93,98.9531992752698,693
4066,Tytania,"Adventure, Military, Psychological, Romance, Sci-Fi, Space",TV,26,6.93,13363,6.93,94.6760053701985,693
5104,Andes Shounen Pepero no Bouken,Adventure,TV,26,6.92,423,6.92,96.6118881370751,692
1629,Devilman Lady,"Action, Drama, Horror, Psychological",TV,26,6.92,8665,6.92,107.131939819248,692
3425,Meiken Lassie,"Adventure, Kids, Slice of Life",TV,26,6.92,309,6.92,99.2166859356313,692
4083,Wonder Beat Scramble,"Action, Sci-Fi, Space",TV,26,6.92,457,6.92,96.1095795639202,692
7245,Sekai Meisaku Douwa: Wow! Maerchen Oukoku,Fantasy,TV,26,6.91,227,6.91,99.6726808945129,691
605,Tenshi ni Narumon!,"Comedy, Fantasy, Romance",TV,26,6.91,3847,6.91,96.8028971331304,691
1035,Patalliro Saiyuuki!,"Adventure, Comedy, Fantasy, Shoujo, Shounen Ai",TV,26,6.88,1996,6.88,98.9237232490086,688
2579,Anime 80-nichikan Sekai Isshuu,"Adventure, Historical, Kids, Romance",TV,26,6.86,2258,6.86,88.5132137905652,686
4657,Arad Senki: Slap Up Party,"Action, Adventure, Comedy, Fantasy",TV,26,6.86,10698,6.86,94.8996076315217,686
495,Bakuretsu Hunters,"Adventure, Comedy, Ecchi, Fantasy, Magic, Shounen, Supernatural",TV,26,6.86,10667,6.86,102.8935902091,686
2783,Oyayubi Hime Monogatari,"Adventure, Fantasy, Shoujo",TV,26,6.85,671,6.85,98.7499391705044,685
2620,Spider Riders: Yomigaeru Taiyou,"Action, Adventure, Mecha",TV,26,6.85,1889,6.85,96.5209585842561,685
5129,Jikuu Boukenki Zentrix,"Adventure, Mecha, Sci-Fi",TV,26,6.84,392,6.84,96.1433460639517,684
4468,Nagagutsu wo Haita Neko no Bouken,"Adventure, Fantasy",TV,26,6.84,378,6.84,97.1027750531737,684
234,Dan Doh!!,"Adventure, Shounen, Sports",TV,26,6.82,2351,6.82,93.6280651763765,682
271,Gad Guard,"Adventure, Mecha, Sci-Fi, Shounen",TV,26,6.82,8315,6.82,94.0922215702793,682
2704,Kaiketsu Jouki Tanteidan,"Action, Mecha, Mystery, Police",TV,26,6.82,2128,6.82,96.1479620775266,682
3935,Karakuri Kiden: Hiwou Senki,"Action, Adventure, Historical, Mecha",TV,26,6.82,719,6.82,98.0683292141975,682
4808,Hurricane Polymar,"Action, Adventure, Police, Sci-Fi, Super Power",TV,26,6.81,738,6.81,99.7632781397202,681
385,Gilgamesh,"Drama, Fantasy, Sci-Fi, Supernatural",TV,26,6.8,25332,6.8,90.5336882607895,680
12483,Gregory Horror Show: The Last Train,"Comedy, Demons, Horror, Mystery, Supernatural, Vampire",TV,26,6.8,505,6.8,91.265961587103,680
2106,Kiss Dum: Engage Planet,"Mecha, Military, Sci-Fi",TV,26,6.79,6658,6.79,92.3586644519677,679
1618,Soreyuke! Uchuu Senkan Yamamoto Yohko (1999),"Action, Adventure, Sci-Fi",TV,26,6.79,2430,6.79,94.4501218672509,679
3835,Ai no Gakko Cuore Monogatari,"Drama, Historical, Slice of Life",TV,26,6.78,1082,6.78,88.6099109728438,678
3761,Wanwan Sanjuushi,"Adventure, Historical",TV,26,6.78,1277,6.78,92.9112093374319,678
1136,Betterman,"Action, Adventure, Comedy, Drama, Horror, Mecha, Mystery, Psychological, Sci-Fi, Shounen",TV,26,6.77,8037,6.77,95.5725267620655,677
2565,Jungle Taitei: Susume Leo!,"Adventure, Shounen",TV,26,6.77,986,6.77,95.3449118034607,677
3366,Persona: Trinity Soul,"Action, Sci-Fi, Super Power",TV,26,6.76,48744,6.76,94.9659831377946,676
2619,Spider Riders: Oracle no Yuusha-tachi,"Action, Adventure, Mecha",TV,26,6.76,3605,6.76,98.3325661809771,676
236,E&#039;s Otherwise,"Adventure, Comedy, Drama, Military, Sci-Fi, Shounen, Supernatural",TV,26,6.75,11704,6.75,97.3800067743048,675
1466,Hakugei Densetsu,"Adventure, Sci-Fi",TV,26,6.75,1387,6.75,92.2573993291696,675
175,Tokyo Underground,"Action, Adventure, Romance, Sci-Fi, Shounen, Super Power",TV,26,6.74,17920,6.74,87.881215424383,674
2288,Akihabara Dennou-gumi,"Adventure, Mecha, Sci-Fi, Shoujo",TV,26,6.72,3935,6.72,89.4078330478011,672
4514,Seton Doubutsuki: Kuma no Ko Jacky,"Adventure, Drama, Historical",TV,26,6.72,819,6.72,92.0964734612779,672
3668,Telepathy Shoujo Ran,"Fantasy, School",TV,26,6.72,5611,6.72,90.4012823405732,672
2282,Tezuka Osamu no Kyuuyaku Seisho Monogatari: In the Beginning,Historical,TV,26,6.72,444,6.72,92.2514683337414,672
1839,Jagainu-kun,"Adventure, Fantasy, Kids, Shoujo, Slice of Life",TV,26,6.71,1012,6.71,90.7610595029099,671
1806,Master Mosquiton 99,"Action, Adventure, Comedy, Supernatural, Vampire",TV,26,6.71,2320,6.71,95.6908438895835,671
4515,Seton Doubutsuki: Risu no Banner,"Drama, Kids",TV,26,6.71,669,6.71,95.3434798837253,671
2105,Touka Gettan,"Drama, Romance, Supernatural",TV,26,6.71,13921,6.71,94.3624700184703,671
6428,Psychoarmor Govarian,"Action, Mecha, Sci-Fi, Super Power",TV,26,6.69,352,6.69,93.6829791983598,669
5636,RESTOL: Special Rescue Team,"Action, Adventure, Mecha, Police",TV,26,6.69,284,6.69,91.9592562787251,669
1005,Star Ocean EX,"Adventure, Fantasy, Sci-Fi, Shounen",TV,26,6.69,9024,6.69,89.5016126798548,669
3812,Yume no Hoshi no Button Nose,"Adventure, Kids",TV,26,6.69,400,6.69,92.3750363097259,669
1694,iDOLM@STER Xenoglossia,"Action, Comedy, Mecha, Sci-Fi",TV,26,6.68,15338,6.68,94.7150413837592,668
4439,Kurenai Sanshirou,"Action, Martial Arts, Sports",TV,26,6.68,603,6.68,97.6685712252605,668
3823,Little Lulu to Chicchai Nakama,"Comedy, Kids, Slice of Life",TV,26,6.68,363,6.68,90.4833058073955,668
7568,Umineko no Naku Koro ni Specials,"Comedy, Parody",Special,26,6.68,10913,6.68,95.6770992602078,668
6609,Pucca (2006),"Comedy, Parody, Romance",TV,26,6.67,4425,6.67,93.3636868535063,667
3185,Fortune Quest L,"Adventure, Comedy, Fantasy, Magic",TV,26,6.66,845,6.66,95.1991656077482,666
11307,Ginga Patrol PJ,"Drama, Military, Sci-Fi, Space",TV,26,6.66,316,6.66,90.6610306931593,666
1189,Eden&#039;s Bowy,"Action, Adventure, Fantasy, Romance, Sci-Fi",TV,26,6.65,4106,6.65,90.3185098601113,665
3435,Joou Heika no Petite Angie,"Historical, Mystery, Shoujo",TV,26,6.65,451,6.65,94.9471713329277,665
1693,Reideen,"Action, Mecha, Sci-Fi",TV,26,6.65,5736,6.65,93.2384148291774,665
4554,Dokkiri Doctor,"Comedy, Slice of Life",TV,26,6.64,472,6.64,91.7648758547622,664
4132,Wakakusa no Yon Shimai,"Drama, Historical, Slice of Life",TV,26,6.64,476,6.64,97.5898826574931,664
55,Arc the Lad,"Action, Adventure, Fantasy, Horror, Sci-Fi",TV,26,6.62,10392,6.62,96.4693224671245,662
5476,Fushigi na Melmo,"Magic, Shoujo",TV,26,6.62,440,6.62,92.1233846561358,662
8139,Shin Minashigo Hutch,"Adventure, Comedy, Drama",TV,26,6.62,229,6.62,92.1703813664799,662
1724,Saint October,"Adventure, Fantasy",TV,26,6.6,3838,6.6,93.266467277098,660
1746,Zoids Fuzors,"Adventure, Mecha, Sci-Fi, Shounen",TV,26,6.59,7087,6.59,96.8139342290486,659
8375,Chogattai Majutsu Robot Ginguiser,"Adventure, Mecha, Sci-Fi, Shounen",TV,26,6.58,409,6.58,88.0685134716987,658
3099,Juusenshi Gulkeeva,"Action, Fantasy, Mecha, Super Power",TV,26,6.58,855,6.58,89.4039481303028,658
3876,Maeterlinck no Aoi Tori: Tyltyl Mytyl no Bouken Ryokou,"Adventure, Fantasy",TV,26,6.58,279,6.58,97.9813427908936,658
836,Sister Princess,"Comedy, Drama, Harem, Romance, Slice of Life",TV,26,6.58,14714,6.58,91.1731403565758,658
7176,Cheburashka Arere?,"Comedy, Kids, Slice of Life",TV,26,6.57,2482,6.57,91.8235499930283,657
8815,Domo TV,Comedy,TV,26,6.57,832,6.57,92.6649843551426,657
4933,Muu no Hakugei,"Action, Fantasy, Sci-Fi",TV,26,6.57,344,6.57,92.8023153568818,657
3194,Ningyohime Marina no Bouken,"Drama, Fantasy, Kids, Romance",TV,26,6.57,889,6.57,87.2028872070299,657
163,Power Stone,"Adventure, Comedy, Fantasy, Historical, Shounen",TV,26,6.57,4308,6.57,90.9821072891107,657
417,Ragnarök the Animation,"Action, Fantasy, Magic",TV,26,6.57,32711,6.57,93.24285166261,657
2809,Fuusen Shoujo Temple-chan,"Adventure, Comedy, Kids",TV,26,6.56,204,6.56,89.0589036008132,656
3810,Mori no Youki na Kobito-tachi: Belfy to Lillibit,"Adventure, Comedy, Fantasy",TV,26,6.56,561,6.56,89.564717242095,656
23605,Ninja Slayer From Animation,Action,ONA,26,6.56,26062,6.56,93.7396648301343,656
31534,Larva,Comedy,TV,26,6.57,139,6.57,90.966678930052,657
1872,Saru Getchu: On Air,"Adventure, Comedy, Fantasy, Kids, Romance, Shounen",TV,26,6.55,632,6.55,85.5751325046586,655
1458,Uchuu no Kishi Tekkaman,"Action, Adventure, Mecha, Sci-Fi, Shounen, Space",TV,26,6.55,1059,6.55,91.8982747401219,655
12611,Sengoku Collection,"Fantasy, Parody, Samurai",TV,26,6.54,16287,6.54,87.302966925388,654
4801,Suhoyojeong Michel,"Adventure, Fantasy, Kids",TV,26,6.54,376,6.54,94.5164380023243,654
4800,Huckleberry Finn Monogatari,Adventure,TV,26,6.53,665,6.53,94.4927655147072,653
1333,Fushigi na Koala Blinky,"Adventure, Comedy, Fantasy, Kids",TV,26,6.51,480,6.51,89.8591938621775,651
3201,Pure-tou no Nakama-tachi,"Fantasy, Kids",TV,26,6.5,386,6.5,93.8336680411649,650
3132,Boukensha: The Man Was from Spain,"Adventure, Historical",TV,26,6.49,496,6.49,89.3566024219261,649
3202,Daisuki! Hello Kitty,"Fantasy, Kids",TV,26,6.49,1468,6.49,90.073013843003,649
5088,Fabre-sensei wa Meitantei,Mystery,TV,26,6.49,298,6.49,85.5408675442335,649
5600,Little El Cid no Bouken,"Adventure, Historical, Kids",TV,26,6.48,274,6.48,96.8821439549166,648
12361,Track City,"Action, Cars",TV,26,6.48,393,6.48,93.1698848196061,648
1314,DT Eightron,"Action, Sci-Fi, Shounen",TV,26,6.46,931,6.46,89.7950553988306,646
1883,Kappa no Kaikata,Comedy,TV,26,6.46,1209,6.46,98.6657731375909,646
2233,Ocha-ken: Chokotto Monogatari,"Comedy, Kids",TV,26,6.46,647,6.46,96.4224179461695,646
4044,Youkai Ningen Bem,Horror,TV,26,6.46,440,6.46,94.2209864288483,646
6731,Ultraman Kids no Kotowaza Monogatari,"Comedy, Kids, Super Power",TV,26,6.44,227,6.44,93.1366805527311,644
4025,Asobou! Hello Kitty,"Adventure, Fantasy, Kids",TV,26,6.43,645,6.43,94.0733608277668,643
3361,UFO Senshi Dai Apolon,"Action, Mecha, Sci-Fi",TV,26,6.43,312,6.43,88.8634156194152,643
4049,Mafukiden: Pandarian,"Adventure, Comedy, Fantasy, Kids, Magic, Super Power",TV,26,6.42,367,6.42,91.299834605462,642
9106,Nogsaegjeoncha Haemosu,"Action, Adventure, Fantasy, Shounen",TV,26,6.42,287,6.42,92.6628184126259,642
3819,Sasurai no Taiyou,"Drama, Music",TV,26,6.42,316,6.42,93.7307369722293,642
980,Rikujou Bouei-tai Mao-chan,"Comedy, Kids, Magic, Military, Sci-Fi",TV,26,6.4,2934,6.4,89.8944011711364,640
14277,Chitose Get You!!,"Comedy, Romance, School, Seinen, Slice of Life",TV,26,6.39,12886,6.39,90.5764317813981,639
3724,Taiko no Tatsujin,Game,TV,26,6.38,406,6.38,88.3051766914178,638
3834,Hoshi no Ko Chobin,"Adventure, Sci-Fi",TV,26,6.36,231,6.36,87.6783804784738,636
9424,Seupideuwang Beongae,"Action, Game, School, Shounen, Sports",TV,26,6.36,226,6.36,85.7883518952585,636
10194,Badaui Jeonseol Jangbogo,"Action, Adventure, Comedy, Mystery",TV,26,6.35,371,6.35,86.3048765436182,635
5475,Time Bokan 2000: Kaitou Kiramekiman,"Action, Adventure, Comedy, Mecha, Sci-Fi",TV,26,6.35,305,6.35,90.3655541399735,635
6822,Ukkari Pénélope (2009),"Comedy, Slice of Life",TV,26,6.35,317,6.35,82.5278201346425,635
8240,Wanpaku Oomukashi Kum Kum,"Adventure, Comedy, Historical, Kids",TV,26,6.35,229,6.35,94.2468737315991,635
2738,Kasumin 3rd Season,"Fantasy, Kids",TV,26,6.33,287,6.33,88.430103145187,633
4599,Tanoshii Willow Town,"Fantasy, Kids",TV,26,6.33,295,6.33,88.4594891734175,633
3723,Koala Boy Kokki,Comedy,TV,26,6.32,360,6.32,88.6589855414897,632
3877,Sasurai no Shoujo Nell,"Adventure, Historical, Shoujo",TV,26,6.32,356,6.32,88.4086790252371,632
6077,Akubi Girl,"Comedy, Fantasy",TV,26,6.31,328,6.31,92.1257822758029,631
231,Asagiri no Miko,"Action, Comedy, Drama, Fantasy, Magic, School, Sci-Fi, Shounen, Slice of Life, Super Power, Supernatural",TV,26,6.31,4721,6.31,86.2894990872375,631
7705,Starry☆Sky,"Harem, School, Shoujo",ONA,26,6.31,37155,6.31,88.0704809807409,631
1542,Brain Powerd,"Action, Adventure, Mecha, Sci-Fi",TV,26,6.3,5058,6.3,79.0752650512153,630
1899,Masou Kishin Cybuster,"Adventure, Mecha, Sci-Fi, Shounen",TV,26,6.3,1342,6.3,88.7341041055505,630
3936,Personal Computer Travel Tanteidan,"Adventure, Historical, Kids, Sci-Fi",TV,26,6.3,606,6.3,90.4144264390552,630
3151,Genei Toushi Bastof Lemon,"Adventure, Mecha, Sci-Fi",TV,26,6.29,666,6.29,90.9151428578763,629
5474,Yobarete Tobidete Akubi-chan,"Comedy, Fantasy, Kids",TV,26,6.28,233,6.28,87.5108387741192,628
11547,Sengoku☆Paradise Kiwami,"Action, Comedy, Drama, Historical, Romance, Samurai, Shoujo",TV,26,6.27,3473,6.27,87.338678033628,627
2287,Fighting Foodons,"Adventure, Comedy, Fantasy, Game, Shounen",TV,26,6.26,2580,6.26,86.1351203001975,626
2545,Huckleberry no Bouken,"Adventure, Drama, Historical",TV,26,6.25,748,6.25,89.0812130639705,625
1200,Gun-dou Musashi,"Adventure, Fantasy, Samurai",TV,26,6.23,3955,6.23,87.4475623008708,623
32805,Nyanbo!,Comedy,TV,26,6.16,2886,6.16,86.8051501206579,616
3176,Nessa no Haou Gandalla,"Adventure, Drama, Fantasy, Horror, Magic, Music, Sci-Fi, Supernatural",TV,26,6.15,637,6.15,88.4016062977158,615
2575,Don Chuck Monogatari,"Adventure, Kids, Slice of Life",TV,26,6.14,411,6.14,87.5248834806593,614
3104,Geisters: Fractions of the Earth,"Action, Sci-Fi",TV,26,6.09,670,6.09,80.4588152067799,609
6311,Sarutobi Ecchan,"Comedy, Kids, Magic, School",TV,26,6.08,357,6.08,79.8966632463154,608
2882,Anime Oyako Gekijou,"Adventure, Fantasy, Historical, Kids, Sci-Fi",TV,26,6.03,1074,6.03,84.5248735403155,603
2382,Firestorm,"Action, Mecha, Military, Sci-Fi",TV,26,6.02,615,6.02,80.7778574538339,602
4823,Youkai Ningen Bem (2006),Horror,TV,26,5.93,1070,5.93,83.8732320123184,593
1685,Duel Masters,"Action, Adventure, Comedy, Shounen",TV,26,5.92,13012,5.92,86.3506062871454,592
30382,Aquarion Logos,"Action, Comedy, Drama, Fantasy, Mecha, Romance, Sci-Fi",TV,26,5.89,11756,5.89,85.817448505733,589
23259,Gundam: G no Reconguista,"Action, Mecha, Sci-Fi, Space",TV,26,5.86,16538,5.86,85.2662673444797,586
6907,Mikan-Seijin,Comedy,TV,26,5.86,258,5.86,79.1043917309968,586
21421,Mahou Shoujo Taisen,Magic,TV,26,5.85,12783,5.85,77.333626932504,585
13141,Shibainuko-san,Comedy,TV,26,5.78,6204,5.78,76.7500144379987,578
4709,Aesop&#039;s World,Kids,TV,26,5.76,261,5.76,78.9879479207679,576
33803,Sengoku Choujuu Giga,"Demons, Historical, Supernatural",TV,26,5.56,3248,5.56,77.0253707932673,556
31578,JK Meshi!,Comedy,TV,26,4.71,7131,4.71,65.9488020209189,471
27589,47 Todoufuken,"Comedy, Kids",TV,26,5.61,112,5.61,79.0739406347385,561
17090,Agigongryong Doolie (2009),"Adventure, Kids",TV,26,5.5,132,5.5,71.5267209407983,550
25717,AIUEO Anime Sekai no Douwa: Aesop Monogatari Anime Series,"Adventure, Fantasy, Kids",TV,26,7.29,292,7.29,105.781834642503,729
18635,Akane-chan,"Comedy, School, Slice of Life",TV,26,6.09,195,6.09,83.6754715416102,609
8436,Animentary: Ketsudan,"Historical, Military",TV,26,7.08,324,7.08,97.1221767846531,708
3844,Apache Yakyuugun,"Action, School, Sports",TV,26,5.68,268,5.68,75.884896836224,568
34249,Aqua Kids,"Adventure, Kids",TV,26,6.5,24,6.5,91.8320490141191,650
9284,Bakuhatsu Gorou,"Comedy, Sports",TV,26,5.74,176,5.74,83.5163399547995,574
19547,Beompeoking Jaepeo,"Action, Cars",TV,26,4.85,91,4.85,76.0426175627991,485
24793,Bloody Bunny,Comedy,TV,26,5.26,170,5.26,75.707427923242,526
30892,Boo Boo Boy,"Cars, Kids",TV,26,4.73,128,4.73,64.400626048174,473
8183,Bouken Korobokkuru,Adventure,TV,26,6.58,171,6.58,95.873140275588,658
9905,Captain (TV),"Shounen, Sports",TV,26,6.46,208,6.46,86.1772061007355,646
23721,Carino Coni,"Fantasy, Kids",TV,26,6.93,99,6.93,96.7684496968108,693
8501,Chibikko Kaijuu Yadamon,"Comedy, Kids, Supernatural",TV,26,6.36,133,6.36,88.0759948354316,636
30060,Chii Jiaan Chuaanqii,"Action, Adventure, Fantasy",TV,26,5.33,56,5.33,68.1184521879587,533
14623,Chikyuu SOS Sore Ike Kororin,"Action, Comedy, Kids, Sci-Fi",TV,26,5.78,87,5.78,82.3468159175025,578
17457,Chingou Muchabee,"Adventure, Comedy",TV,26,6.75,80,6.75,93.6426694997143,675
31211,Choegang Top Plate,"Action, Comedy, Kids, Sports",TV,26,7.2,86,7.2,99.6913507144572,720
10887,Dame Oyaji,Comedy,TV,26,6.07,109,6.07,85.947957422025,607
7750,DigiGirl Pop!: Strawberry &amp; Pop Mix Flavor,"Comedy, Sci-Fi",TV,26,6,143,6,81.5433438887476,600
15957,Dokachin,"Comedy, Kids",TV,26,5.62,84,5.62,85.6752807635194,562
21485,Dokkan! Robotendon,"Adventure, Kids, Slice of Life",TV,26,6.29,63,6.29,88.8217915310776,629
33792,Feng Shu Zhan Jing 2,"Adventure, Kids, Mecha",TV,26,8,24,8,113.855515097014,800
19997,Fight Da!! Pyuta,"Action, Comedy, Sci-Fi, Shounen",TV,26,6,78,6,83.8404091355837,600
32691,Flowering Heart,"Kids, Magic",TV,26,5.24,291,5.24,75.0455003394691,524
18005,Forza! Hidemaru,Sports,TV,26,6.44,102,6.44,94.7532179798158,644
25503,Fuusen Inu Tinny,"Adventure, Kids",TV,26,5.89,151,5.89,82.8045381108914,589
12243,Game Center Arashi,"Comedy, Game, Kids, Shounen",TV,26,5.85,144,5.85,83.8250050929743,585
20755,Ganbare! Lulu Lolo,"Kids, Slice of Life",TV,26,6.13,134,6.13,79.2081409528769,613
26163,Ganbare! Lulu Lolo 2nd Season,"Kids, Slice of Life",TV,26,4.56,111,4.56,70.5105792199995,456
9391,Ginga Hyouryuu Vifam 13,"Action, Adventure, Mecha, Sci-Fi",TV,26,6.54,207,6.54,89.4897310952636,654
30410,Gon 2nd Season,"Action, Adventure, Kids",TV,26,5.92,141,5.92,90.3657750022381,592
19457,Green Saver,"Adventure, Kids",TV,26,5.43,77,5.43,78.0058380198181,543
23015,Hazedon,"Adventure, Comedy, Kids",TV,26,5.8,61,5.8,80.3180087800781,580
9770,Hello Kitty no Stump Village,"Fantasy, Kids",TV,26,5.67,210,5.67,83.3962436343418,567
15479,Hey Yo Yorang,"Adventure, Comedy, Fantasy, Kids, Magic",TV,26,6.32,144,6.32,90.1420282253763,632
8191,Hoshi Shinichi Short Short,"Comedy, Sci-Fi",TV,26,6.07,160,6.07,83.3895521263811,607
19681,Hustle Punch,"Comedy, Fantasy, Kids",TV,26,6.63,157,6.63,95.0766158361747,663
19947,Ikkyuu-san (1978),"Action, School, Sports",TV,26,7.23,167,7.23,97.8216863841712,723
6701,Jim Button,"Adventure, Fantasy, Kids, Magic",TV,26,6.1,169,6.1,85.833975697072,610
29529,Kagee Aesop Monogatari,"Adventure, Demons, Drama, Fantasy, Historical, Kids, Magic, Romance, Supernatural",TV,26,7.17,85,7.17,98.9163276873405,717
9371,Karl to Fushigi na Tou,Kids,TV,26,5.14,176,5.14,74.4596027971149,514
27721,Kasumin,"Fantasy, Kids",TV,26,6.64,236,6.64,89.4001179051228,664
27723,Kasumin 2nd Season,"Fantasy, Kids",TV,26,6.36,104,6.36,85.3730166510805,636
10237,Ki-Fighter Taerang,"Adventure, Kids",TV,26,5.92,81,5.92,80.8515467490314,592
3870,Kick no Oni,"Shounen, Sports",TV,26,7.25,261,7.25,98.0853039480017,725
7525,Kick Off 2002,Sports,TV,26,6.5,135,6.5,93.9561905574914,650
19995,King Kong: 001/7 Tom Thumb,"Adventure, Sci-Fi",TV,26,5,88,5,71.0055606661245,500
6261,Koguma no Misha,"Adventure, Comedy, Drama, Kids",TV,26,6.42,153,6.42,84.3511712064367,642
17599,Konpora Kid,"Comedy, Kids, Sci-Fi",TV,26,5.75,72,5.75,84.6509921231943,575
7189,Kotatsu Neko,Comedy,TV,26,5.07,291,5.07,69.0773740764447,507
31674,Larva 3rd Season,Comedy,TV,26,7.09,60,7.09,99.8568621323872,709
17102,Lolling Seutajeu,"Kids, Sports",TV,26,5.6,84,5.6,75.1838716018995,560
4905,Mach Girl,"Cars, Comedy",TV,26,5.47,222,5.47,77.9491537745395,547
33383,Mask Masters,"Action, Adventure",TV,26,8,53,8,117.337423023626,800
3846,Microid S,"Action, Sci-Fi",TV,26,6.08,160,6.08,85.8169371836334,608
31410,Mini Van 2nd Season,"Comedy, Game, Parody, Slice of Life",TV,26,6.1,373,6.1,86.8719261608136,610
33602,Mo Jing Lieren,"Adventure, Fantasy",ONA,26,7.5,49,7.5,102.179504167425,750
33603,Mo Jing Lieren 2nd Season,"Adventure, Fantasy",ONA,26,7,37,7,97.2804854228767,700
20173,Mori no Senshi Bonolon,"Adventure, Fantasy, Kids",TV,26,4.57,66,4.57,61.7288912992498,457
29715,Nar Doma,Comedy,TV,26,5.02,2124,5.02,71.7586655923629,502
30409,Nepos Napos,"Fantasy, Kids",TV,26,7.67,38,7.67,104.483911314956,767
20027,Nihon Meisaku Douwa Series: Akai Tori no Kokoro,"Adventure, Fantasy, Kids",TV,26,6.73,133,6.73,91.2978662740372,673
18573,Noobow,"Kids, Slice of Life",TV,26,6.25,64,6.25,85.7882960093339,625
23013,Norakuro,Comedy,TV,26,6,94,6,87.1039020902238,600
29740,Notteke Explet&#039;s,Kids,TV,26,5.33,38,5.33,71.1827827350971,533
21019,Nunbori,"Fantasy, Kids",TV,26,6.17,60,6.17,86.8144745036092,617
18469,Odoriko Clinoppe,"Comedy, Slice of Life",TV,26,5.75,99,5.75,85.7923185127925,575
7575,Oh! Family,"Comedy, Drama, Romance, Shoujo, Slice of Life",TV,26,6.17,201,6.17,83.4265996412127,617
2742,Omoikkiri Kagaku Adventure Sou Nanda!,"Comedy, Kids, Sci-Fi",TV,26,5.68,195,5.68,82.2879935673836,568
20023,Otanoshimi Anime Gekijou,Comedy,TV,26,6.83,62,6.83,92.5193215307771,683
30417,Panpaka Pants O-New!,"Comedy, Kids",TV,26,3.6,131,3.6,52.9362286857105,360
24121,Patta Potta Monta,"Comedy, Kids, Slice of Life",TV,26,5.6,56,5.6,80.9453997310742,560
12359,Pecola,Kids,TV,26,5.35,147,5.35,76.2565005311413,535
32660,Petit Petit Muse,"Cars, Horror, Kids",TV,26,8.14,78,8.14,109.705606065159,814
27457,Porong Porong Pororo 4,"Cars, Kids",TV,26,5.25,65,5.25,73.7091532507054,525
27459,Porong Porong Pororo 5,"Cars, Kids",TV,26,5.63,66,5.63,73.4946264892408,563
15873,Pyun Pyun Maru,"Comedy, Martial Arts",TV,26,7.13,94,7.13,97.6896558389279,713
33630,Rainbow Sea,"Adventure, Fantasy, Sci-Fi",TV,26,7.2,67,7.2,103.153144306253,720
19467,Revbahaf Wang-gug Jaegeon-soelgi,"Comedy, Drama, Shoujo",TV,26,6.13,241,6.13,86.6958114622591,613
6195,Rita to Nantoka,Slice of Life,TV,26,6,269,6,87.8237196595684,600
31898,Robocar Poli,"Cars, Comedy, Kids",TV,26,4.85,51,4.85,66.448548411378,485
32221,Robocar Poli 2,"Cars, Kids, Police",TV,26,5.45,45,5.45,74.4609164137413,545
4547,RoboDz,Sci-Fi,TV,26,5,125,5,72.7180982684655,500
7211,Rose O&#039;Neill Kewpie,Comedy,TV,26,6.4,133,6.4,90.3651696483684,640
4940,Sabaku no Kaizoku! Captain Kuppa,"Action, Adventure",TV,26,7.16,212,7.16,101.740041275068,716
4684,Scarecrowman,"Fantasy, Kids",TV,26,7.13,160,7.13,96.0636229347561,713
28887,Setsuzoku Muyou,Comedy,TV,26,4.5,93,4.5,64.3500223047354,450
27811,Shaolin Wuzang,"Action, Demons, Historical, Martial Arts, Samurai, Supernatural",TV,26,7.19,151,7.19,105.241584497002,719
33538,Shima Kousaku no Asia Risshi-den,"Drama, Seinen",TV,26,6,92,6,80.9013342466933,600
22997,Shin Skyers 5,"Action, Sci-Fi",TV,26,6.25,68,6.25,85.051018727767,625
1863,Silk Road Shounen Yuuto,"Adventure, Fantasy, Historical",TV,26,5.92,235,5.92,88.3448001079307,592
11497,Sore Ike! Zukkoke Sannin-gumi,"Comedy, Kids, School",TV,26,7,86,7,103.343636496722,700
3822,Sougen no Shoujo Laura,"Adventure, Shoujo",TV,26,6.49,214,6.49,82.7307042038878,649
3451,Space Oz no Bouken,"Adventure, Sci-Fi",TV,26,6.25,151,6.25,89.0061943038808,625
18447,Spheres,"Action, Fantasy, Super Power",TV,26,7.33,171,7.33,101.135335226774,733
3885,Sugar Bunnies,Kids,TV,26,6.61,315,6.61,87.7464638894133,661
6482,Sugar Bunnies Chocolate!,Kids,TV,26,6.95,203,6.95,100.060086004979,695
6481,Sugar Bunnies Fleur,Kids,TV,26,5.88,228,5.88,78.2987705336724,588
9562,Tachumaru Gekijou,"Comedy, Parody",TV,26,5.63,124,5.63,76.9929479676742,563
32590,Taeng-gu &amp; Ulasyong,"Action, Comedy, Mecha",TV,26,4,38,4,56.2156791675297,400
30232,Tamagotchi! Tamatomo Daishuu GO,"Comedy, Fantasy, Kids",TV,26,6.75,187,6.75,98.2109463835655,675
7629,The Arari Show,"Comedy, Drama, Slice of Life",TV,26,6.5,78,6.5,94.1528386048371,650
31892,The Legend of Huainanzi,"Adventure, Fantasy, Historical",TV,26,5.75,90,5.75,83.6740091397653,575
31893,The Legend of Huainanzi 2nd Season,"Adventure, Fantasy, Historical",TV,26,7,57,7,94.5811946385055,700
8189,The World of Golden Eggs,"Comedy, Parody",TV,26,6.38,313,6.38,88.6128042944953,638
28591,Timbre A to Z,Music,ONA,26,3.98,188,3.98,57.5243786715026,398
29209,Tomodachi de Iyou ne,"Kids, Slice of Life",TV,26,7.5,40,7.5,105.469898387714,750
18137,Train Heroes,Kids,TV,26,6.1,164,6.1,82.3422034110613,610
10224,Uchuu Majin Daikengou,"Action, Adventure, Mecha, Sci-Fi, Shounen, Space",TV,26,6.6,229,6.6,94.0497767703879,660
8345,Ukkari Pénélope,"Comedy, Slice of Life",TV,26,6.38,143,6.38,91.5068564435944,638
8753,Ultraman Kids: Haha wo Tazunete 3000-man Kounen,"Kids, Space",TV,26,6.92,181,6.92,96.2397600962927,692
12835,Umeboshi Denka,"Comedy, Slice of Life",TV,26,6.53,92,6.53,91.5330969341228,653
32580,Uniminipet,"Adventure, Fantasy",TV,26,6.75,35,6.75,96.2492251455057,675
30029,Video Ehonkan Sekai Meisaku Douwa,"Adventure, Comedy, Fantasy, Historical, Kids, Magic, Sci-Fi, Space, Supernatural",OVA,26,5.57,66,5.57,83.1475348418596,557
33083,Wa Wa Wa Wappi-chan,Kids,TV,26,4.75,30,4.75,65.7543748967842,475
33084,Wa Wa Wa Wappi-chan 2nd Season,Kids,TV,26,5.67,28,5.67,77.9129198225294,567
2708,Wankorobee,"Comedy, Fantasy, Kids",TV,26,5.71,95,5.71,80.0330250353297,571
6868,Wansa-kun,Comedy,TV,26,6.13,171,6.13,80.8321451840646,613
22219,Warera Salaryman Tou,"Comedy, Slice of Life",TV,26,8.67,57,8.67,120.359541349319,867
9952,Wei Qi Shao Nian,"Game, Historical",TV,26,6.4,196,6.4,93.2511756132542,640
19839,Wei Qi Shao Nian 2,"Game, Historical",TV,26,8.22,86,8.22,116.601893837002,822
31701,Wu Lan Qi Qi Ge,"Historical, Kids",TV,26,6.25,54,6.25,84.8911151975261,625
9822,Xiang Qi Master,Game,TV,26,6.33,252,6.33,89.371567209075,633
30140,Xing Mao Lixian Ji Zhi Shu Fa Pian,"Adventure, Kids",TV,26,6.33,45,6.33,91.0241801418773,633
10705,Yasai no Yousei: N.Y.Salad,Kids,TV,26,6.36,163,6.36,91.80649059972,636
10706,Yasai no Yousei: N.Y.Salad 2nd Series,Kids,TV,26,6.38,109,6.38,83.9838400294682,638
7646,Yawarakame♥,"Comedy, Kids",ONA,26,5.08,276,5.08,78.7013216434802,508
33762,Yong Zhe Da Mao Xian,"Adventure, Fantasy",ONA,26,8,78,8,111.773472324195,800
33763,Yong Zhe Da Mao Xian 2nd Season,"Adventure, Fantasy",ONA,26,7,47,7,98.4983436554376,700
7625,Yousei Dick,"Fantasy, Kids",TV,26,5.78,184,5.78,80.5224729394249,578
3500,"Yume Miru, Anime: on-chan",Comedy,TV,26,7,116,7,102.425409421804,700
18983,Yuuto-kun ga Iku,"Kids, Sports",TV,26,3.83,93,3.83,56.0231555108912,383
12765,Yuuyake Banchou,Action,TV,26,6.36,109,6.36,82.7027207799767,636
13167,Zoobles!,Kids,TV,26,5.57,109,5.57,80.3457889304947,557
