anime_id,name,genre,type,episodes,rating,members,rating_10,rating_100,rating_1000
9863,SKET Dance,"Comedy, School, Shounen",TV,77,8.36,101027,8.36,114.392250152147,836
3317,Uchuusen Sagittarius,"Adventure, Sci-Fi",TV,77,6.99,370,6.99,104.974862768432,699
13679,Tottoko Hamtarou Hai!,"Adventure, Kids",TV,77,6.67,1616,6.67,98.7445006561272,667
20199,Ganbare Gonbe,"Comedy, Kids, Parody",TV,77,6.67,62,6.67,93.5197324208401,667
8763,Hajime Ningen Gyatoruz,"Comedy, Historical",TV,77,6.47,170,6.47,89.9787348391311,647
27693,Heart Cocktail,"Romance, Seinen",TV,77,6.36,150,6.36,87.0220548593288,636
3937,Takoyaki Mant-Man,"Comedy, Sci-Fi",TV,77,6.75,156,6.75,96.4393232925203,675
