anime_id,name,genre,type,episodes,rating,members,rating_10,rating_100,rating_1000
2549,Perrine Monogatari,"Drama, Historical, Shoujo, Slice of Life",TV,53,7.63,1744,7.63,108.499743002732,763
3098,Shutsugeki! Machine Robo Rescue,"Action, Mecha, Sci-Fi",TV,53,6.93,636,6.93,94.6250092640227,693
2732,Baby Baachan,"Comedy, Drama",TV,53,6.73,406,6.73,95.956161855253,673
6452,Akuu Daisakusen Srungle,"Action, Mecha, Sci-Fi",TV,53,6.55,518,6.55,92.6994319562752,655
8553,Time Bokan Series: Time Patroltai Otasukeman,"Action, Adventure, Comedy, Sci-Fi",TV,53,6.51,341,6.51,85.3896886599785,651
5375,Gakkyuu Ou Yamazaki,Comedy,TV,53,6.4,465,6.4,85.7898570563406,640
5287,Ippatsu Kanta-kun,"Action, Adventure, Comedy, Kids, Sports",TV,53,6.25,310,6.25,82.0509213825234,625
21553,Asobo Toy-chan,Kids,TV,53,6.14,63,6.14,88.9602487993388,614
21275,Yawaraka Sensha,Comedy,ONA,53,4,85,4,62.5392072131363,400
