anime_id,name,genre,type,episodes,rating,members,rating_10,rating_100,rating_1000
263,Hajime no Ippo,"Comedy, Drama, Shounen, Sports",TV,75,8.83,157670,8.83,126.032699779702,883
18689,Diamond no Ace,"Comedy, School, Shounen, Sports",TV,75,8.25,81384,8.25,120.471909188966,825
135,Hikaru no Go,"Comedy, Game, Shounen, Supernatural",TV,75,8.19,69000,8.19,115.906621187291,819
2257,Taiyou no Kiba Dagram,"Drama, Mecha, Military, Sci-Fi, Shounen",TV,75,7.58,1825,7.58,108.936979966036,758
11457,Chibi☆Devi!,"Fantasy, Shoujo, Supernatural",TV,75,6.86,8186,6.86,96.8632329170911,686
3909,Bikkuriman,"Comedy, Fantasy",TV,75,6.68,250,6.68,93.1717544370304,668
