anime_id,name,genre,type,episodes,rating,members,rating_10,rating_100,rating_1000
24405,World Trigger,"Action, School, Sci-Fi, Shounen, Supernatural",TV,73,7.75,106872,7.75,106.076912892889,775
1236,SF Saiyuuki Starzinger,"Adventure, Mecha, Sci-Fi, Shounen, Space",TV,73,7.27,1199,7.27,102.17786467778,727
2043,Cat&#039;s Eye,"Action, Adventure, Comedy, Mystery, Romance",TV,73,7.21,7608,7.21,101.606310567618,721
15489,Yu☆Gi☆Oh! Zexal Second,"Action, Fantasy, Game, Shounen",TV,73,7.07,11293,7.07,92.1322022341858,707
5022,Toushi Gordian,"Action, Mecha, Sci-Fi",TV,73,6.73,310,6.73,92.7343647112155,673
10015,Yu☆Gi☆Oh! Zexal,"Action, Fantasy, Game, Shounen",TV,73,6.58,22480,6.58,89.1856788608161,658
23393,Shin Don Chuck Monogatari,"Adventure, Kids, Slice of Life",TV,73,6.48,103,6.48,91.3260372004684,648
