anime_id,name,genre,type,episodes,rating,members,rating_10,rating_100,rating_1000
2612,Spoon Oba-san,"Kids, Magic",TV,130,6.83,955,6.83,100.76821418401,683
3434,Hey! Bumboo,"Adventure, Cars, Kids",TV,130,6.2,677,6.2,88.249996351887,620
30342,Funassyi no Funafunafuna Biyori,"Comedy, Kids, Slice of Life",TV,130,6.86,123,6.86,104.041356481689,686
17623,Futago no Monchhichi,"Comedy, Kids",TV,130,4.86,85,4.86,65.4722456649826,486
28145,Johnny Cypher,"Action, Adventure, Sci-Fi",TV,130,6.86,74,6.86,95.7538480944106,686
20123,Kappamaki,"Comedy, Slice of Life",TV,130,5.43,75,5.43,79.5693614905569,543
12771,Youyou no Neko Tsumami,"Comedy, Slice of Life",TV,130,6.09,102,6.09,80.9773042741018,609
