anime_id,name,genre,type,episodes,rating,members,rating_10,rating_100,rating_1000
15417,Gintama&#039;: Enchousen,"Action, Comedy, Historical, Parody, Samurai, Sci-Fi, Shounen",TV,13,9.11,81109,9.11,128.378946395063,911
32983,Natsume Yuujinchou Go,"Drama, Fantasy, Shoujo, Slice of Life, Supernatural",TV,13,8.76,38865,8.76,120.855065457552,876
11665,Natsume Yuujinchou Shi,"Drama, Fantasy, Shoujo, Slice of Life, Supernatural",TV,13,8.75,98431,8.75,119.391609968056,875
10379,Natsume Yuujinchou San,"Drama, Fantasy, Shoujo, Slice of Life, Supernatural",TV,13,8.67,102322,8.67,124.002821531502,867
3297,Aria The Origination,"Fantasy, Sci-Fi, Shounen, Slice of Life",TV,13,8.64,56162,8.64,125.899627915776,864
5300,Zoku Natsume Yuujinchou,"Drama, Fantasy, Shoujo, Slice of Life, Supernatural",TV,13,8.64,114173,8.64,122.048682097133,864
28735,Shouwa Genroku Rakugo Shinjuu,"Drama, Historical, Josei",TV,13,8.59,71295,8.59,123.427507334798,859
2251,Baccano!,"Action, Comedy, Historical, Mystery, Seinen, Supernatural",TV,13,8.54,363215,8.54,119.742476082187,854
10087,Fate/Zero,"Action, Fantasy, Supernatural",TV,13,8.51,453630,8.51,117.20589846708,851
32282,Shokugeki no Souma: Ni no Sara,"Ecchi, School, Shounen",TV,13,8.5,185015,8.5,117.036391616182,850
30503,Noragami Aragoto,"Action, Adventure, Shounen, Supernatural",TV,13,8.48,299434,8.48,122.502529544362,848
486,Kino no Tabi: The Beautiful World,"Action, Adventure, Slice of Life",TV,13,8.46,102822,8.46,117.55125998736,846
28701,Fate/stay night: Unlimited Blade Works 2nd Season,"Action, Fantasy, Magic, Shounen, Supernatural",TV,13,8.45,205987,8.45,119.328501128231,845
4081,Natsume Yuujinchou,"Drama, Fantasy, Shoujo, Slice of Life, Supernatural",TV,13,8.42,210736,8.42,122.204058260728,842
6547,Angel Beats!,"Action, Comedy, Drama, School, Supernatural",TV,13,8.39,717796,8.39,121.300070282611,839
2966,Ookami to Koushinryou,"Adventure, Fantasy, Historical, Romance",TV,13,8.37,334932,8.37,116.590219986295,837
31964,Boku no Hero Academia,"Action, Comedy, School, Shounen, Super Power",TV,13,8.36,282002,8.36,114.365429385562,836
18195,Little Busters!: Refrain,"Comedy, Drama, Romance, School, Slice of Life, Supernatural",TV,13,8.36,71820,8.36,115.196772196254,836
9130,Saint Seiya: The Lost Canvas - Meiou Shinwa 2,"Action, Adventure, Martial Arts, Shounen, Super Power, Supernatural",OVA,13,8.36,27532,8.36,118.758693189601,836
3091,xxxHOLiC Kei,"Comedy, Drama, Mystery, Psychological, Supernatural",TV,13,8.34,74941,8.34,118.662974993247,834
23847,Yahari Ore no Seishun Love Comedy wa Machigatteiru. Zoku,"Comedy, Drama, Romance, School",TV,13,8.31,222994,8.31,117.026673738529,831
23327,Space☆Dandy 2nd Season,"Comedy, Sci-Fi, Space",TV,13,8.27,60918,8.27,116.434625371521,827
1257,Saint Seiya: Meiou Hades Juuni Kyuu-hen,"Adventure, Sci-Fi, Shounen",OVA,13,8.26,23701,8.26,113.535309523739,826
31988,Hibike! Euphonium 2,"Drama, Music, School",TV,13,8.25,47716,8.25,118.661214875467,825
30015,ReLIFE,"Romance, School, Slice of Life",TV,13,8.24,202249,8.24,112.665412621185,824
6171,Saint Seiya: The Lost Canvas - Meiou Shinwa,"Action, Adventure, Martial Arts, Shounen, Super Power, Supernatural",OVA,13,8.24,40355,8.24,116.744557363593,824
31741,Magi: Sinbad no Bouken (TV),"Action, Adventure, Fantasy, Magic, Shounen",TV,13,8.22,73480,8.22,120.009699489312,822
7720,Ookiku Furikabutte: Natsu no Taikai-hen,"Comedy, Sports",TV,13,8.2,22190,8.2,115.645999675245,820
25879,Working!!!,"Comedy, Romance, Slice of Life",TV,13,8.18,80763,8.18,119.234029147324,818
14713,Kamisama Hajimemashita,"Comedy, Demons, Fantasy, Romance, Shoujo, Supernatural",TV,13,8.13,189641,8.13,107.393175959907,813
31098,Ushio to Tora (TV) 2nd Season,"Comedy, Demons, Shounen, Supernatural",TV,13,8.13,43916,8.13,109.346853263926,813
33253,Ajin 2nd Season,"Action, Horror, Mystery, Seinen, Supernatural",TV,13,8.12,51382,8.12,112.787900013431,812
186,Initial D Second Stage,"Action, Cars, Drama, Seinen, Sports",TV,13,8.12,45825,8.12,116.461951965033,812
14813,Yahari Ore no Seishun Love Comedy wa Machigatteiru.,"Comedy, Drama, Romance, School",TV,13,8.12,353876,8.12,109.591841582635,812
11739,Kimi to Boku. 2,"Comedy, Drama, Romance, School, Shounen, Slice of Life",TV,13,8.11,44564,8.11,116.870591919337,811
77,Mahou Shoujo Lyrical Nanoha A&#039;s,"Action, Comedy, Drama, Magic, Super Power",TV,13,8.1,41685,8.1,115.148556275243,810
5781,Isekai no Seikishi Monogatari,"Action, Comedy, Ecchi, Fantasy, Harem, Mecha, School",OVA,13,8.09,72021,8.09,112.939196458008,809
995,Prince of Tennis: The National Tournament,"Action, Comedy, Shounen, Sports",OVA,13,8.09,25170,8.09,113.522744259705,809
387,Haibane Renmei,"Drama, Fantasy, Mystery, Psychological, Slice of Life",TV,13,8.07,120731,8.07,111.64528644986,807
73,Full Metal Panic! The Second Raid,"Action, Mecha, Military",TV,13,8.06,155340,8.06,115.195595082397,806
19111,Love Live! School Idol Project 2nd Season,"Music, School, Slice of Life",TV,13,8.06,91864,8.06,108.863622849357,806
29803,Overlord,"Action, Adventure, Fantasy, Game, Magic, Supernatural",TV,13,8.04,244268,8.04,111.795702825245,804
15809,Hataraku Maou-sama!,"Comedy, Demons, Fantasy, Romance, Shounen",TV,13,8.03,409037,8.03,114.278603174144,803
27989,Hibike! Euphonium,"Drama, Music, School",TV,13,8.03,134694,8.03,111.610800027977,803
3228,Zoku Sayonara Zetsubou Sensei,"Comedy, Parody, School",TV,13,8.03,74040,8.03,109.822863397139,803
32370,D.Gray-man Hallow,"Action, Demons, Shounen, Super Power",TV,13,8.01,72499,8.01,110.327783277771,801
11887,Kokoro Connect,"Comedy, Drama, Romance, School, Slice of Life, Supernatural",TV,13,8.01,283847,8.01,115.648288367849,801
6377,Zan Sayonara Zetsubou Sensei,"Comedy, Parody, School",TV,13,8.01,55402,8.01,111.637223858607,801
339,Serial Experiments Lain,"Dementia, Drama, Mystery, Psychological, Sci-Fi, Supernatural",TV,13,7.99,215829,7.99,111.597423276169,799
8516,Baka to Test to Shoukanjuu Ni!,"Comedy, Romance, School, Super Power",TV,13,7.98,183722,7.98,112.35924254194,798
18245,White Album 2,"Drama, Music, Romance, Slice of Life",TV,13,7.98,91075,7.98,111.983512914002,798
10521,Working&#039;!!,"Comedy, Slice of Life",TV,13,7.98,117328,7.98,115.116951543113,798
3750,Maria-sama ga Miteru 4th,"School, Shoujo, Shoujo Ai, Slice of Life",TV,13,7.97,11779,7.97,113.97231161298,797
17909,Uchouten Kazoku,"Comedy, Drama, Fantasy, Slice of Life",TV,13,7.96,64897,7.96,111.98055122975,796
1472,City Hunter 3,"Action, Comedy, Mystery, Shounen",TV,13,7.95,6723,7.95,107.246763888222,795
31764,Nejimaki Seirei Senki: Tenkyou no Alderamin,"Action, Adventure, Fantasy, Military",TV,13,7.95,86475,7.95,107.837295430531,795
27775,Plastic Memories,"Drama, Romance, Sci-Fi",TV,13,7.95,213493,7.95,107.772880990213,795
22265,Free!: Eternal Summer,"Comedy, School, Slice of Life, Sports",TV,13,7.94,150596,7.94,107.858948362707,794
28999,Charlotte,"Drama, School, Super Power",TV,13,7.91,310137,7.91,107.65923230911,791
1473,City Hunter &#039;91,"Action, Comedy, Mystery, Shounen",TV,13,7.91,6337,7.91,114.13782012513,791
3604,Hidamari Sketch x 365,"Comedy, School, Slice of Life",TV,13,7.9,19180,7.9,114.129642035142,790
13535,Binbougami ga!,"Comedy, Parody, Shounen, Supernatural",TV,13,7.88,117091,7.88,111.829021138867,788
28121,Dungeon ni Deai wo Motomeru no wa Machigatteiru Darou ka,"Action, Adventure, Comedy, Fantasy, Romance",TV,13,7.88,336349,7.88,114.639942566739,788
33446,Huyao Xiao Hongniang: Yue Hong,"Comedy, Romance",ONA,13,7.87,1043,7.87,114.005265577419,787
5680,K-On!,"Comedy, Music, School, Slice of Life",TV,13,7.87,386048,7.87,108.682178670112,787
396,Seikai no Senki,"Action, Military, Romance, Sci-Fi, Space",TV,13,7.86,18580,7.86,111.054636347627,786
20057,Space☆Dandy,"Comedy, Sci-Fi, Space",TV,13,7.86,123529,7.86,112.376273362466,786
9074,Arakawa Under the Bridge x Bridge,"Comedy, Romance, Seinen",TV,13,7.85,80394,7.85,108.2444305771,785
226,Elfen Lied,"Action, Drama, Horror, Psychological, Romance, Seinen, Supernatural",TV,13,7.85,623511,7.85,108.441974111044,785
10460,Kimi to Boku.,"Comedy, Drama, Romance, School, Shounen, Slice of Life",TV,13,7.85,86196,7.85,109.961549405352,785
444,Maria-sama ga Miteru: Haru,"Drama, Romance, School, Shoujo, Shoujo Ai",TV,13,7.85,14983,7.85,108.899212474144,785
14941,AKB0048: Next Stage,"Music, Sci-Fi",TV,13,7.84,22302,7.84,112.675157251689,784
978,Change!! Getter Robo: Sekai Saigo no Hi,"Action, Adventure, Horror, Mecha, Psychological, Sci-Fi, Shounen",OVA,13,7.84,5606,7.84,116.058166596393,784
20431,Hoozuki no Reitetsu,"Comedy, Fantasy, Supernatural",TV,13,7.84,47619,7.84,107.321935267431,784
20847,Seitokai Yakuindomo*,"Comedy, School, Shounen, Slice of Life",TV,13,7.84,98544,7.84,108.870347190546,784
6347,Baka to Test to Shoukanjuu,"Comedy, Romance, School, Super Power",TV,13,7.83,301282,7.83,109.895668801633,783
290,Seikai no Monshou,"Action, Military, Romance, Sci-Fi, Space",TV,13,7.83,26379,7.83,103.258368882006,783
31733,Bishoujo Senshi Sailor Moon Crystal Season III,"Demons, Magic, Romance, Shoujo",TV,13,7.83,16530,7.83,107.480906381248,783
18055,Hakkenden: Touhou Hakken Ibun 2nd Season,"Action, Fantasy, Shoujo, Supernatural",TV,13,7.82,33466,7.82,106.913505436023,782
27991,K: Return of Kings,"Action, Super Power, Supernatural",TV,13,7.82,114904,7.82,111.663089028018,782
6956,Working!!,"Comedy, Slice of Life",TV,13,7.82,189367,7.82,109.638924241004,782
9441,Yume-iro Pâtissière SP Professional,"Shoujo, Slice of Life",TV,13,7.82,20397,7.82,107.618327936044,782
160,"Ima, Soko ni Iru Boku","Adventure, Drama, Fantasy, Military, Sci-Fi",TV,13,7.81,56839,7.81,108.789642243878,781
13203,Lupin the Third: Mine Fujiko to Iu Onna,"Action, Adventure, Comedy, Ecchi, Samurai, Seinen",TV,13,7.81,22796,7.81,109.159125513,781
2963,Minami-ke,"Comedy, School, Slice of Life",TV,13,7.81,105471,7.81,103.490771316452,781
477,Aria The Animation,"Fantasy, Sci-Fi, Shounen, Slice of Life",TV,13,7.79,76913,7.79,113.432306829786,779
8795,Panty &amp; Stocking with Garterbelt,"Action, Comedy, Ecchi, Parody, Supernatural",TV,13,7.79,157642,7.79,109.710174205251,779
18119,Servant x Service,"Comedy, Slice of Life",TV,13,7.79,81037,7.79,111.44485377357,779
31580,Ajin,"Action, Horror, Mystery, Seinen, Supernatural",TV,13,7.78,160972,7.78,106.862888902848,778
14511,Minami-ke Tadaima,"Comedy, School, Slice of Life",TV,13,7.78,31394,7.78,108.849795405478,778
32729,Orange,"Drama, Romance, School, Sci-Fi, Shoujo",TV,13,7.78,165358,7.78,111.75806891217,778
1376,Ojamajo Doremi Na-i-sho,"Comedy, Fantasy, Magic, Shoujo",OVA,13,7.77,3620,7.77,111.327286113091,777
14227,Tonari no Kaibutsu-kun,"Comedy, Romance, School, Shoujo, Slice of Life",TV,13,7.77,349836,7.77,113.372441723789,777
323,Mousou Dairinin,"Drama, Mystery, Police, Psychological, Supernatural, Thriller",TV,13,7.74,137687,7.74,106.353135543484,774
30549,Soukyuu no Fafner: Dead Aggressor - Exodus 2nd Season,"Action, Drama, Mecha, Military, Sci-Fi",TV,13,7.74,6787,7.74,108.519144494818,774
32979,Flip Flappers,"Comedy, Sci-Fi",TV,13,7.73,40945,7.73,107.607706409728,773
14467,K,"Action, Super Power, Supernatural",TV,13,7.73,297051,7.73,108.913910129316,773
7627,Mitsudomoe,"Comedy, School, Slice of Life",TV,13,7.73,56483,7.73,104.98989652458,773
12487,Kyoukaisenjou no Horizon II,"Action, Fantasy, Sci-Fi",TV,13,7.72,46781,7.72,111.609683535288,772
7647,Arakawa Under the Bridge,"Comedy, Romance, Seinen",TV,13,7.71,162622,7.71,109.346709568456,771
8675,Seitokai Yakuindomo,"Comedy, School, Shounen, Slice of Life",TV,13,7.71,217617,7.71,103.587403044683,771
14289,Sukitte Ii na yo.,"Romance, School, Shoujo",TV,13,7.71,233410,7.71,108.769417919169,771
15051,Love Live! School Idol Project,"Music, School, Slice of Life",TV,13,7.7,155281,7.7,102.629194009728,770
32681,Uchuu Patrol Luluco,"Action, Adventure, Comedy, Space",TV,13,7.7,50236,7.7,106.103998797693,770
22147,Amagi Brilliant Park,"Comedy, Magic",TV,13,7.68,217003,7.68,110.05079108848,768
5958,Sora no Otoshimono,"Comedy, Ecchi, Harem, Romance, Sci-Fi, Shounen, Supernatural",TV,13,7.68,227681,7.68,99.0554367926022,768
17729,Grisaia no Kajitsu,"Drama, Harem, Psychological, Romance, School",TV,13,7.67,178166,7.67,107.035068068857,767
11371,New Prince of Tennis,"Action, Comedy, Shounen, Sports",TV,13,7.67,30630,7.67,106.499347135911,767
5162,Minami-ke Okaeri,"Comedy, School, Slice of Life",TV,13,7.65,45233,7.65,104.555409756757,765
16241,"Yondemasu yo, Azazel-san. Z","Comedy, Demons, Supernatural",TV,13,7.65,20640,7.65,106.340263574485,765
270,Hellsing,"Action, Horror, Seinen, Supernatural, Vampire",TV,13,7.64,308995,7.64,110.032829819955,764
16524,Suisei no Gargantia,"Action, Adventure, Mecha, Sci-Fi",TV,13,7.64,170754,7.64,105.803157223591,764
10216,"Yondemasu yo, Azazel-san. (TV)","Comedy, Demons, Supernatural",TV,13,7.64,42147,7.64,103.003261015136,764
32526,Love Live! Sunshine!!,"Music, School, Slice of Life",TV,13,7.63,45246,7.63,106.478511634742,763
1195,Zero no Tsukaima,"Action, Adventure, Comedy, Ecchi, Fantasy, Harem, Magic, Romance, School",TV,13,7.62,346828,7.62,111.186710495449,762
11235,Amagami SS+ Plus,"Comedy, Romance, School, Slice of Life",TV,13,7.61,73813,7.61,102.974705020996,761
5277,Sekirei: Pure Engagement,"Action, Comedy, Ecchi, Harem, Super Power",TV,13,7.61,113911,7.61,104.457017339356,761
18523,Senyuu. 2,"Action, Comedy, Fantasy, Parody, Shounen",TV,13,7.61,30726,7.61,107.656196069144,761
18497,Yozakura Quartet: Hana no Uta,"Action, Comedy, Magic, Shounen, Super Power, Supernatural",TV,13,7.61,58245,7.61,108.346864641838,761
8476,Otome Youkai Zakuro,"Demons, Historical, Military, Romance, Seinen, Supernatural",TV,13,7.6,61957,7.6,111.687844364507,760
1454,Kemonozume,"Action, Demons, Horror, Romance, Supernatural",TV,13,7.59,33086,7.59,106.999059839075,759
9834,Level E,"Comedy, Sci-Fi, Shounen",TV,13,7.58,55252,7.58,107.957269321427,758
15613,Hakkenden: Touhou Hakken Ibun,"Action, Fantasy, Shoujo, Supernatural",TV,13,7.57,61017,7.57,111.225389459194,757
18465,Genshiken Nidaime,"Comedy, Parody, Slice of Life",TV,13,7.56,29952,7.56,100.566517027503,756
3974,Tetsuwan Birdy Decode,"Action, Comedy, Sci-Fi",TV,13,7.56,50384,7.56,111.088089970842,756
12149,AKB0048,"Music, Sci-Fi",TV,13,7.55,37763,7.55,106.736874020672,755
26349,Danna ga Nani wo Itteiru ka Wakaranai Ken,"Comedy, Seinen, Slice of Life",TV,13,7.55,122271,7.55,105.449202991453,755
27631,God Eater,"Action, Fantasy, Military, Sci-Fi",TV,13,7.55,192433,7.55,111.658404826723,755
134,Gunslinger Girl,"Action, Drama, Military, Psychological, Sci-Fi",TV,13,7.55,106865,7.55,106.7096988549,755
12679,Joshiraku,"Comedy, Slice of Life",TV,13,7.55,51084,7.55,108.911129677357,755
207,Lodoss-tou Senki,"Action, Adventure, Fantasy, Magic, Shounen, Supernatural",OVA,13,7.55,28462,7.55,108.979758470813,755
2129,True Tears,"Drama, Romance, School",TV,13,7.55,118644,7.55,106.964187169487,755
13349,Chouyaku Hyakuninisshu: Uta Koi.,"Historical, Josei, Romance",TV,13,7.54,15661,7.54,111.244660918498,754
181,Vandread: The Second Stage,"Action, Ecchi, Mecha, Sci-Fi, Shounen, Space",TV,13,7.54,36264,7.54,103.015498637529,754
10110,Mayo Chiki!,"Comedy, Ecchi, Harem, Romance, School",TV,13,7.53,192219,7.53,100.245862365545,753
12711,Uta no☆Prince-sama♪ Maji Love 2000%,"Comedy, Harem, Music, Romance, School, Shoujo",TV,13,7.53,61551,7.53,100.087349905825,753
4752,Vampire Knight Guilty,"Drama, Mystery, Romance, Shoujo, Supernatural, Vampire",TV,13,7.53,198492,7.53,106.896949775621,753
76,Mahou Shoujo Lyrical Nanoha,"Action, Comedy, Drama, Magic, Super Power",TV,13,7.52,62582,7.52,107.536292684447,752
5233,Slayers Evolution-R,"Adventure, Comedy, Fantasy",TV,13,7.52,20508,7.52,106.255798837458,752
33094,WWW.Working!!,"Comedy, Slice of Life",TV,13,7.51,40779,7.51,104.636981373309,751
16592,Danganronpa: Kibou no Gakuen to Zetsubou no Koukousei The Animation,"Action, Horror, Mystery, Psychological",TV,13,7.49,298550,7.49,111.798311335285,749
29067,Danna ga Nani wo Itteiru ka Wakaranai Ken 2 Sure-me,"Comedy, Seinen, Slice of Life",TV,13,7.49,73285,7.49,109.003459621788,749
16353,Love Lab,"Comedy, Romance, School",TV,13,7.49,79493,7.49,106.679034457855,749
16123,Saki Zenkoku-hen,"Game, School, Slice of Life",TV,13,7.49,19010,7.49,100.16937508294,749
15751,Senyuu.,"Action, Comedy, Fantasy, Parody, Shounen",TV,13,7.49,56815,7.49,109.793543144044,749
101,Air,"Drama, Romance, Slice of Life, Supernatural",TV,13,7.48,188861,7.48,102.651080067592,748
242,Gokusen,"Comedy, Drama, Josei, School, Slice of Life",TV,13,7.48,22009,7.48,104.135963917483,748
31499,Huyao Xiao Hongniang,"Comedy, Romance",ONA,13,7.48,2696,7.48,106.510374523907,748
158,Maria-sama ga Miteru,"Drama, Romance, Shoujo, Shoujo Ai, Slice of Life",TV,13,7.48,33989,7.48,103.378937247095,748
2978,Shin Getter Robo,"Action, Adventure, Demons, Horror, Mecha, Sci-Fi, Shounen",OVA,13,7.48,4603,7.48,107.819419514903,748
6676,Asura Cryin&#039; 2,"Action, Mecha, Supernatural",TV,13,7.47,43725,7.47,101.978102793034,747
633,Legend of Basara,"Adventure, Drama, Romance, Shoujo",TV,13,7.47,6033,7.47,97.1074188597129,747
84,Mobile Suit Gundam 0083: Stardust Memory,"Adventure, Drama, Mecha, Military, Sci-Fi, Space",OVA,13,7.47,20238,7.47,105.836727209321,747
7662,Shinrei Tantei Yakumo,"Horror, Mystery, Shoujo, Supernatural",TV,13,7.47,78952,7.47,100.675196574639,747
2942,Sketchbook: Full Color&#039;s,"Comedy, Slice of Life",TV,13,7.47,17360,7.47,103.429530916521,747
1081,Space Pirate Captain Herlock: Outside Legend - The Endless Odyssey,"Action, Adventure, Drama, Sci-Fi, Seinen, Space",OVA,13,7.47,3499,7.47,105.497800930556,747
32696,Fukigen na Mononokean,"Comedy, Supernatural",TV,13,7.46,44786,7.46,111.260388013908,746
15793,"Senki Zesshou Symphogear G: In the Distance, That Day, When the Star Became Music...","Action, Music, Sci-Fi",TV,13,7.46,25750,7.46,108.116166811427,746
21573,Senki Zesshou Symphogear GX: Believe in Justice and Hold a Determination to Fist.,"Action, Music, Sci-Fi",TV,13,7.46,17466,7.46,103.949053457296,746
330,Midori no Hibi,"Comedy, Drama, Ecchi, Romance, Shounen",TV,13,7.45,87938,7.45,108.043007035339,745
6712,Natsu no Arashi! Akinaichuu,"Comedy, Romance, Supernatural",TV,13,7.45,12088,7.45,103.007510810905,745
20787,Black Bullet,"Action, Mystery, Sci-Fi, Seinen",TV,13,7.44,320267,7.44,108.901228243788,744
18041,Rozen Maiden (2013),"Action, Comedy, Drama, Magic, Seinen",TV,13,7.44,46117,7.44,105.603764622545,744
17080,Soukyuu no Fafner: Dead Aggressor - Exodus,"Action, Drama, Mecha, Military, Sci-Fi",TV,13,7.44,11882,7.44,100.508040372767,744
13333,Tari Tari,"Music, School, Slice of Life",TV,13,7.44,80960,7.44,98.4003160302072,744
3958,Kannagi,"Comedy, School, Shounen, Supernatural",TV,13,7.43,94202,7.43,104.260343022575,743
13659,Ore no Imouto ga Konnani Kawaii Wake ga Nai.,"Comedy, Seinen, Slice of Life",TV,13,7.43,194791,7.43,98.8122125016001,743
1410,IGPX: Immortal Grand Prix (2005) 2nd Season,"Mecha, Sci-Fi, Shounen, Sports",TV,13,7.41,6863,7.41,101.820415487002,741
3225,Minami-ke Okawari,"Comedy, School, Slice of Life",TV,13,7.41,50837,7.41,104.878523538601,741
2926,Myself; Yourself,"Drama, Romance, School",TV,13,7.41,115075,7.41,102.52086553532,741
5356,Canaan,"Action, Seinen",TV,13,7.4,123217,7.4,106.529517978441,740
5597,Natsu no Arashi!,"Comedy, Romance, Supernatural",TV,13,7.4,30098,7.4,99.6254800604724,740
12467,Nazo no Kanojo X,"Ecchi, Romance, School, Seinen",TV,13,7.4,99788,7.4,101.870768097867,740
3457,Vampire Knight,"Drama, Mystery, Romance, Shoujo, Supernatural, Vampire",TV,13,7.4,286826,7.4,102.873786635226,740
2486,Rumiko Takahashi Anthology,"Comedy, Drama, Romance, Shounen, Slice of Life, Supernatural",TV,13,7.39,3420,7.39,103.3157572712,739
306,Abenobashi Mahou☆Shoutengai,"Comedy, Ecchi, Fantasy, Parody",TV,13,7.38,47752,7.38,100.180138674017,738
14645,Hiiro no Kakera Dai Ni Shou,"Fantasy, Romance, Shoujo, Supernatural",TV,13,7.38,26617,7.38,104.072415931517,738
4581,Shikabane Hime: Aka,"Action, Horror, Martial Arts",TV,13,7.38,71502,7.38,99.6001664411356,738
3627,D.C.II S.S.: Da Capo II Second Season,"Comedy, Drama, Fantasy, Harem, Romance",TV,13,7.37,20581,7.37,102.151521028665,737
655,Galaxy Angel 4,"Comedy, Sci-Fi",TV,13,7.37,5046,7.37,100.22594115983,737
4028,Slayers Revolution,"Adventure, Comedy, Fantasy",TV,13,7.37,23679,7.37,105.460311155253,737
1965,Sola,"Drama, Romance, Slice of Life, Supernatural",TV,13,7.37,71172,7.37,102.003893996723,737
10321,Uta no☆Prince-sama♪ Maji Love 1000%,"Comedy, Harem, Music, Romance, School, Shoujo",TV,13,7.37,105723,7.37,103.798092960577,737
31178,Uta no☆Prince-sama♪ Maji Love Legend Star,"Comedy, Harem, Music, Romance, Shoujo",TV,13,7.37,12757,7.37,103.581792092006,737
12293,Campione!: Matsurowanu Kamigami to Kamigoroshi no Maou,"Comedy, Ecchi, Fantasy, Harem, Magic, Romance",TV,13,7.36,151928,7.36,107.62285793485,736
2383,Cybersix,"Action, Adventure, Romance, Sci-Fi",TV,13,7.36,3607,7.36,102.725650788972,736
16035,Karneval (TV),"Action, Fantasy, Mystery, Sci-Fi, Shoujo",TV,13,7.36,108174,7.36,102.379617587541,736
3229,Kimi ga Aruji de Shitsuji ga Ore de,"Comedy, Ecchi, Harem, Parody, Romance",TV,13,7.35,66236,7.35,103.695668877179,735
1126,Figure 17: Tsubasa &amp; Hikaru,"Sci-Fi, Slice of Life",TV,13,7.34,6860,7.34,100.507786327722,734
1524,Fuujin Monogatari,"Drama, Fantasy, School, Slice of Life, Supernatural",TV,13,7.34,8717,7.34,105.435382770958,734
4550,Hyakko,"Comedy, School, Slice of Life",TV,13,7.34,33112,7.34,102.740594313803,734
634,Koi Kaze,"Drama, Psychological, Romance, Seinen",TV,13,7.34,41250,7.34,98.7142909059898,734
107,Ou Dorobou Jing,"Adventure, Comedy, Fantasy, Sci-Fi, Shounen",TV,13,7.34,21920,7.34,103.652185680816,734
1299,Flag,"Mecha, Military",ONA,13,7.33,10531,7.33,104.713373284534,733
4879,Mouryou no Hako,"Mystery, Seinen, Supernatural, Thriller",TV,13,7.33,36075,7.33,103.576328707348,733
100,Shin Shirayuki-hime Densetsu Prétear,"Comedy, Drama, Fantasy, Magic, Romance, Shoujo, Super Power",TV,13,7.33,37394,7.33,100.453088974981,733
180,Vandread,"Action, Ecchi, Mecha, Sci-Fi, Shounen, Space",TV,13,7.33,53360,7.33,98.1725369216081,733
11783,Dog Days&#039;,"Action, Adventure, Fantasy, Magic",TV,13,7.32,55277,7.32,104.964764021208,732
16774,Inferno Cop,"Action, Police",ONA,13,7.32,37500,7.32,99.5287571191311,732
14749,Ore no Kanojo to Osananajimi ga Shuraba Sugiru,"Comedy, Harem, Romance, School",TV,13,7.32,156116,7.32,101.939835436009,732
32543,Lu Shidai 2nd Season,"Action, Adventure, Comedy, Game, Parody",ONA,13,7.31,740,7.31,109.019779738764,731
529,Saishuu Heiki Kanojo,"Drama, Romance, School, Sci-Fi",TV,13,7.31,58051,7.31,99.4198056887594,731
3231,Gunslinger Girl: Il Teatrino,"Action, Drama, Military, Sci-Fi",TV,13,7.3,38498,7.3,100.842164343182,730
4903,Kyou no 5 no 2 (TV),"Comedy, Ecchi, School, Seinen",TV,13,7.3,22991,7.3,102.727228945795,730
21437,Buddy Complex,"Action, Mecha, Sci-Fi",TV,13,7.29,44006,7.29,99.3976283153748,729
395,Gantz 2nd Stage,"Action, Drama, Horror, Psychological, Sci-Fi, Supernatural",TV,13,7.29,87240,7.29,105.105382393976,729
1371,Hi no Tori,"Adventure, Drama, Historical, Sci-Fi, Supernatural",TV,13,7.29,4247,7.29,103.932515585149,729
10456,Kyoukaisenjou no Horizon,"Action, Fantasy",TV,13,7.29,90977,7.29,98.947610618349,729
24455,Madan no Ou to Vanadis,"Adventure, Ecchi, Fantasy, Harem, Romance",TV,13,7.28,114612,7.28,103.980128775804,728
28215,Saint Seiya: Soul of Gold,"Action, Adventure, Fantasy, Sci-Fi, Shounen",ONA,13,7.28,11992,7.28,108.348108506088,728
5397,Usavich III,Comedy,TV,13,7.28,3038,7.28,103.215179160236,728
384,Gantz,"Action, Drama, Horror, Psychological, Sci-Fi, Supernatural",TV,13,7.27,165335,7.27,95.2783711445178,727
990,Kamisama Kazoku,"Comedy, Drama, Fantasy, Romance",TV,13,7.27,32828,7.27,106.693030714895,727
144,Kanon,"Drama, Romance, Slice of Life, Supernatural",TV,13,7.27,41960,7.27,97.3092739836848,727
279,Kyougoku Natsuhiko: Kousetsu Hyaku Monogatari,"Fantasy, Historical, Horror, Mystery, Psychological, Supernatural",TV,13,7.27,20859,7.27,105.635735503996,727
3738,Usavich II,"Adventure, Comedy",TV,13,7.27,3382,7.27,97.8785728835246,727
243,Gravitation,"Comedy, Music, Romance, Shoujo, Shounen Ai",TV,13,7.26,67916,7.26,101.142492624305,726
2602,Kenkou Zenrakei Suieibu Umishou,"Comedy, Ecchi, School, Shounen, Sports",TV,13,7.26,25814,7.26,102.771070219649,726
28869,Kaitou Joker 2nd Season,"Adventure, Comedy, Mystery, Shounen",TV,13,7.25,2655,7.25,99.8690421221761,725
3270,IGPX: Immortal Grand Prix (2005),"Drama, Mecha, Sci-Fi, Shounen, Sports",TV,13,7.24,11386,7.24,102.596799199381,724
4214,Rosario to Vampire Capu2,"Comedy, Ecchi, Fantasy, Harem, Romance, School, Vampire",TV,13,7.24,203958,7.24,101.423356129714,724
19117,Toaru Hikuushi e no Koiuta,"Adventure, Drama, Romance",TV,13,7.24,53375,7.24,97.6545329301593,724
1246,Yuugo: Koushounin,"Action, Drama, Military, Mystery, Psychological, Seinen",TV,13,7.24,6108,7.24,99.2367480063191,724
553,Yami no Matsuei,"Comedy, Drama, Fantasy, Horror, Magic, Shoujo, Shounen Ai, Vampire",TV,13,7.23,34177,7.23,100.98806860664,723
16201,Aku no Hana,"Drama, Psychological, Romance, School",TV,13,7.22,86669,7.22,98.0359075731047,722
10155,Dog Days,"Action, Adventure, Fantasy, Magic",TV,13,7.21,97809,7.21,101.227963864009,721
6203,Sasameki Koto,"Comedy, Romance, School, Shoujo Ai",TV,13,7.21,34297,7.21,100.669414359924,721
2117,Shin Captain Tsubasa,"Action, Shounen, Sports",OVA,13,7.21,4630,7.21,98.5771043409014,721
19383,Yami Shibai,"Dementia, Horror, Supernatural",TV,13,7.21,33275,7.21,105.298747968251,721
4549,Hokuto no Ken: Raoh Gaiden Ten no Haoh,"Action, Drama, Martial Arts",TV,13,7.2,6659,7.2,97.8495988126995,720
4662,Neo Angelique Abyss: Second Age,"Adventure, Fantasy, Harem, Shoujo",TV,13,7.2,12975,7.2,102.660199959854,720
23587,The iDOLM@STER Cinderella Girls,"Comedy, Drama, Music",TV,13,7.2,33042,7.2,100.851728316876,720
33299,Magic-Kyun! Renaissance,"Magic, Music, Romance, School",TV,13,7.19,12095,7.19,100.481663868263,719
30016,Nanbaka,"Action, Comedy, Drama",TV,13,7.19,57325,7.19,98.1551592983318,719
3614,Yakushiji Ryouko no Kaiki Jikenbo,"Mystery, Police, Supernatural",TV,13,7.19,11002,7.19,93.965580138165,719
5032,Cobra The Animation,"Action, Adventure, Sci-Fi, Space",TV,13,7.18,4361,7.18,102.939944771701,718
606,Kazemakase Tsukikage Ran,"Adventure, Comedy, Historical, Martial Arts, Samurai",TV,13,7.18,7893,7.18,100.112696005472,718
21439,Uta no☆Prince-sama♪ Maji Love Revolutions,"Comedy, Harem, Music, Romance, School, Shoujo",TV,13,7.18,27997,7.18,97.0633669345763,718
992,Dual Parallel! Trouble Adventures,"Action, Comedy, Harem, Mecha, Sci-Fi, Shounen",TV,13,7.17,10636,7.17,95.7087905262947,717
1602,Soukou no Strain,"Drama, Ecchi, Mecha, Military, Sci-Fi, Space",TV,13,7.17,14925,7.17,95.0375550695407,717
30383,Classroom☆Crisis,"School, Sci-Fi",TV,13,7.16,55977,7.16,106.011819229046,716
1025,Kachou Ouji,"Adventure, Comedy, Music, Sci-Fi, Slice of Life",TV,13,7.16,16111,7.16,98.7780802354119,716
620,Mermaid Forest,"Drama, Fantasy, Horror, Mystery",TV,13,7.16,14073,7.16,97.6852551860311,716
24211,Orenchi no Furo Jijou,"Comedy, Fantasy, Shoujo",TV,13,7.15,47157,7.15,100.572576980698,715
6974,Seikimatsu Occult Gakuin,"Comedy, Mystery, School, Sci-Fi, Supernatural",TV,13,7.16,65021,7.16,99.5011197403156,716
29785,Jitsu wa Watashi wa,"Comedy, Fantasy, Romance, School, Shounen, Supernatural",TV,13,7.15,88500,7.15,107.167643715337,715
29163,Sore ga Seiyuu!,"Comedy, Slice of Life",TV,13,7.15,25707,7.15,98.1154993040136,715
3737,Usavich,"Adventure, Comedy",TV,13,7.15,4675,7.15,102.666346180514,715
10372,Kamisama Dolls,"Action, Seinen, Supernatural",TV,13,7.14,47665,7.14,102.569795451447,714
2993,Rosario to Vampire,"Comedy, Ecchi, Fantasy, Harem, Romance, School, Shounen, Vampire",TV,13,7.14,299278,7.14,99.4878772426985,714
22687,Terra Formars,"Action, Drama, Horror, Sci-Fi, Seinen, Space",TV,13,7.14,95964,7.14,100.789455907569,714
2157,Koutetsushin Jeeg,"Mecha, Sci-Fi",TV,13,7.11,3627,7.11,97.8227025761704,711
5342,Asura Cryin&#039;,"Action, Mecha, Supernatural",TV,13,7.1,68608,7.1,102.316483299145,710
342,Starship Operators,"Drama, Military, Sci-Fi, Space",TV,13,7.1,9704,7.1,93.549554645971,710
4415,World Destruction: Sekai Bokumetsu no Rokunin,"Adventure, Fantasy",TV,13,7.1,34732,7.1,95.1787333713565,710
21431,Gokukoku no Brynhildr,"Drama, Mystery, Sci-Fi, Seinen",TV,13,7.09,159899,7.09,98.9840679101483,709
598,Jinzou Ningen Kikaider The Animation,"Action, Drama, Mecha, Sci-Fi, Shounen",TV,13,7.09,5881,7.09,99.8920928197753,709
31670,Kaitou Joker 3rd Season,"Adventure, Comedy, Mystery, Shounen",TV,13,7.09,1880,7.09,99.5852989143653,709
1104,Shinkon Gattai Godannar!! 2nd Season,"Comedy, Ecchi, Mecha, Romance, Sci-Fi",TV,13,7.09,4865,7.09,102.172595309712,709
9331,Yumekui Merry,"Action, Shounen, Supernatural",TV,13,7.08,89183,7.08,100.086791368458,708
16512,Devil Survivor 2 The Animation,"Action, Demons, Supernatural",TV,13,7.06,101266,7.06,94.3425087705474,706
16910,Namiuchigiwa no Muromi-san,"Comedy, Fantasy, Slice of Life",TV,13,7.06,25564,7.06,99.9095598967895,706
10014,Shouwa Monogatari,"Drama, Historical",TV,13,7.06,3563,7.06,100.633533310257,706
2595,D.C.II: Da Capo II,"Drama, Ecchi, Romance, School",TV,13,7.05,25225,7.05,98.4157448919068,705
19845,Ore no Imouto ga Konnani Kawaii Wake ga Nai.: SD Chara ni Yoru Short Movie,Comedy,Special,13,7.05,6311,7.05,101.221296114093,705
3359,Amatsuki,"Action, Fantasy, Historical, Shoujo, Supernatural",TV,13,7.04,41920,7.04,95.4942285283457,704
6165,White Album 2nd Season,"Drama, Harem, Music, Romance",TV,13,7.04,24889,7.04,97.0610655380554,704
11703,Code:Breaker,"Action, Comedy, School, Shounen, Super Power, Supernatural",TV,13,7.03,135255,7.03,98.4829978468998,703
5968,Kinnikuman II Sei: Ultimate Muscle 2,"Action, Comedy, Martial Arts, Sci-Fi, Shounen, Sports",TV,13,7.03,2019,7.03,100.056497244482,703
1578,Koisuru Tenshi Angelique: Kokoro no Mezameru Toki,"Adventure, Comedy, Drama, Fantasy, Magic, Romance, Sci-Fi, Shoujo",TV,13,7.03,6786,7.03,98.0355966510131,703
31442,Musaigen no Phantom World,"Action, Comedy, Fantasy, Slice of Life, Supernatural",TV,13,7.03,168482,7.03,100.547272053734,703
126,Futakoi Alternative,"Comedy, Drama, Romance",TV,13,7.02,21516,7.02,96.4374456289521,702
3519,Garakuta-doori no Stain,Comedy,TV,13,7.02,641,7.02,100.969923996084,702
11751,"Senki Zesshou Symphogear: Meteoroid-Falling, Burning, and Disappear, Then...","Action, Music, Sci-Fi",TV,13,7.02,47588,7.02,98.9560706710744,702
5914,Kanamemo,"Comedy, Ecchi, Shoujo Ai, Slice of Life",TV,13,7.01,23757,7.01,93.7418425741455,701
3615,Neo Angelique Abyss,"Comedy, Fantasy, Harem, Romance, Shoujo",TV,13,7.01,24149,7.01,94.1355788579092,701
30355,Wakaba*Girl,"Comedy, School, Slice of Life",TV,13,7.01,22773,7.01,102.425925855688,701
11837,Zetman,"Action, Drama, Horror, Romance, Sci-Fi, Seinen, Supernatural",TV,13,7.01,65633,7.01,99.4193380124104,701
2684,Buzzer Beater 2nd Season,"Action, Sci-Fi, Shounen, Sports",TV,13,7,5193,7,102.143217095316,700
13377,Recorder to Randoseru Re♪,"Comedy, School, Seinen, Slice of Life",TV,13,7,17283,7,96.3453480571443,700
3501,Wellber no Monogatari: Sisters of Wellber Zwei,"Adventure, Fantasy, Historical, Romance",TV,13,7,3038,7,101.83396468903,700
636,Juubee-chan 2: Siberia Yagyuu no Gyakushuu,"Adventure, Comedy, Drama, Martial Arts, Samurai, Shounen",TV,13,6.99,6733,6.99,93.3135897282644,699
5967,Kinnikuman II Sei: Ultimate Muscle,"Action, Comedy, Martial Arts, Sci-Fi, Shounen, Sports",TV,13,6.99,2435,6.99,99.907895263063,699
1509,Mamotte! Lollipop,"Adventure, Comedy, Magic, Romance, Shoujo",TV,13,6.99,11747,6.99,104.864828552261,699
800,NieA Under 7,"Comedy, Sci-Fi, Slice of Life",TV,13,6.99,16711,6.99,97.7298188687146,699
6973,Senkou no Night Raid,"Action, Historical, Military, Super Power",TV,13,6.99,28284,6.99,102.136578366231,699
1703,Tokyo Tribe 2,"Action, Drama",TV,13,6.99,5060,6.99,97.9154619224321,699
812,Chikyuu Shoujo Arjuna,"Adventure, Drama, Magic, Sci-Fi",TV,13,6.98,17520,6.98,97.859577218482,698
25045,Barakamon: Mijikamon,Comedy,ONA,13,6.97,18119,6.97,96.7223491663101,697
261,Happy☆Lesson: Advance,"Comedy, Harem, Romance, Slice of Life",TV,13,6.97,9989,6.97,93.0840214928381,697
11079,Kill Me Baby,"Comedy, School, Seinen",TV,13,6.95,54288,6.95,99.6038994589108,695
630,Mahoutsukai Tai!,"Comedy, Magic, Romance, Sci-Fi",TV,13,6.95,5328,6.95,94.5357563441596,695
115,El Hazard: The Alternative World,"Adventure, Comedy, Fantasy",TV,13,6.94,7131,6.94,102.375409340373,694
10348,Fireball Charming,Sci-Fi,TV,13,6.94,5640,6.94,95.51985115247,694
4151,Blade of the Immortal,"Action, Adventure, Historical, Samurai, Supernatural",TV,13,6.93,36058,6.93,101.02883550632,693
509,I My Me! Strawberry Eggs,"Comedy, Drama, Romance, School, Slice of Life",TV,13,6.93,25043,6.93,95.937774651992,693
10513,Usavich IV,Comedy,TV,13,6.93,1660,6.93,94.1691320342626,693
24909,Kaitou Joker,"Adventure, Comedy, Mystery, Shounen",TV,13,6.92,6352,6.92,101.888885280728,692
1882,Sasami: Mahou Shoujo Club 2,"Fantasy, Magic, School",TV,13,6.92,2277,6.92,96.7463102799156,692
33037,Tsukiuta. The Animation,Music,TV,13,6.92,11183,6.92,94.29672304162,692
942,Nishi no Yoki Majo: Astraea Testament,"Comedy, Drama, Fantasy, Mystery, Romance",TV,13,6.91,11042,6.91,94.888482181036,691
31430,Terra Formars Revenge,"Action, Drama, Horror, Sci-Fi, Seinen, Space",TV,13,6.91,34176,6.91,92.5851936283885,691
487,Girls Bravo: Second Season,"Comedy, Ecchi, Fantasy, Harem, Romance, School",TV,13,6.9,57110,6.9,96.8859814002144,690
3146,GR: Giant Robo,"Adventure, Mecha, Military, Sci-Fi, Shounen",TV,13,6.9,1546,6.9,94.5527351397719,690
1377,Uchuu Koukyoushi Maetel: Ginga Tetsudou 999 Gaiden,"Drama, Sci-Fi, Space",TV,13,6.9,2169,6.9,92.4287134041086,690
965,Yoshinaga-san&#039;chi no Gargoyle,"Comedy, Fantasy, Slice of Life",TV,13,6.9,3204,6.9,95.3603468746974,690
7590,Mayoi Neko Overrun!,"Comedy, Harem, Romance",TV,13,6.89,75517,6.89,99.7642581729329,689
2964,Blue Drop: Tenshi-tachi no Gikyoku,"Drama, Sci-Fi, Shoujo Ai",TV,13,6.88,19968,6.88,95.3650815469048,688
17419,Dog Days&#039; Specials,"Action, Adventure, Fantasy, Magic",Special,13,6.88,4854,6.88,91.8251049896577,688
12461,Hiiro no Kakera,"Fantasy, Romance, Shoujo, Supernatural",TV,13,6.88,55031,6.88,95.5958532301667,688
31147,Concrete Revolutio: Choujin Gensou,"Action, Demons, Drama, Fantasy, Mystery, Sci-Fi, Super Power, Supernatural",TV,13,6.87,46938,6.87,95.2305074128737,687
16355,Dansai Bunri no Crime Edge,"Action, Fantasy, Romance, Seinen",TV,13,6.87,60465,6.87,91.5401650455954,687
1218,Tonagura!,"Comedy, Drama, Ecchi, Romance, School",TV,13,6.87,31856,6.87,94.706095135195,687
4362,Fireball,"Comedy, Sci-Fi",TV,13,6.86,6601,6.86,91.2351738580983,686
771,Ginyuu Mokushiroku Meine Liebe Wieder,"Drama, Fantasy, Shoujo",TV,13,6.84,4985,6.84,96.3856161047398,684
32664,Bananya,"Comedy, Kids, Slice of Life",TV,13,6.83,23724,6.83,95.9035061460315,683
19855,Nobunagun,"Action, Supernatural",TV,13,6.83,43551,6.83,93.7985459527131,683
25859,Re-Kan!,"Comedy, School, Seinen, Supernatural",TV,13,6.83,37544,6.83,93.062015001033,683
1103,Shinkon Gattai Godannar!!,"Comedy, Ecchi, Mecha, Romance, Sci-Fi",TV,13,6.83,8688,6.83,97.3252128698171,683
1881,Sasami: Mahou Shoujo Club,"Fantasy, Magic, School",TV,13,6.82,4056,6.82,89.9792178861842,682
314,Ace wo Nerae! 2,"Drama, Shoujo, Sports",OVA,13,6.81,890,6.81,93.3472607715434,681
260,Happy☆Lesson (TV),"Comedy, Drama, Harem, Romance, Slice of Life",TV,13,6.81,17109,6.81,95.0034318113791,681
21541,Hentai Ouji to Warawanai Neko.: Henneko BBS,Comedy,Special,13,6.81,15586,6.81,91.2157981937448,681
2970,Night Wizard,"Adventure, Fantasy, Magic, Shounen",TV,13,6.81,27070,6.81,94.5239110549601,681
919,Ray The Animation,"Drama, Romance, Sci-Fi",TV,13,6.81,7756,6.81,98.4047247117617,681
11491,Recorder to Randoseru Do♪,"Comedy, School, Seinen, Slice of Life",TV,13,6.81,29599,6.81,95.2109336097964,681
533,Sensei no Ojikan: Doki Doki School Hours,"Comedy, Slice of Life",TV,13,6.81,5137,6.81,97.0510178482227,681
850,Gakuen Heaven,"Comedy, Drama, Romance, School, Shounen Ai",TV,13,6.8,34787,6.8,98.5092648864411,680
671,Lemon Angel Project,"Drama, Music",TV,13,6.8,5763,6.8,96.0402085251781,680
11615,Morita-san wa Mukuchi. 2,"Comedy, School, Slice of Life",TV,13,6.8,8788,6.8,93.7197119092496,680
2161,Skull Man,"Action, Mystery, Super Power",TV,13,6.79,16361,6.79,94.19360431977,679
618,Juubee Ninpuuchou: Ryuuhougyoku-hen,"Adventure, Horror, Magic, Martial Arts, Shounen, Supernatural",TV,13,6.78,22860,6.78,95.9798935750825,678
222,Mezzo DSA,"Action, Adventure, Comedy, Mystery, Sci-Fi",TV,13,6.78,11750,6.78,92.9954912384734,678
2032,Wellber no Monogatari: Sisters of Wellber,"Action, Adventure, Comedy, Drama, Fantasy, Historical",TV,13,6.78,5605,6.78,97.8729905561535,678
23627,Aoki Hagane no Arpeggio: Ars Nova - Kirikumas,"Comedy, Parody",Special,13,6.77,2913,6.77,99.6004125127565,677
2495,Chance Triangle Session,"Drama, Music, Slice of Life",TV,13,6.77,3005,6.77,97.9370693857263,677
23209,Sora no Method,"Drama, Fantasy, School, Slice of Life",TV,13,6.77,47900,6.77,96.4079414046538,677
29017,Wooser no Sono Higurashi: Mugen-hen,"Comedy, Fantasy, Slice of Life",TV,13,6.77,2810,6.77,88.7796312235995,677
1962,Chikyuu Bouei Kazoku,"Action, Comedy, Sci-Fi, Shounen",TV,13,6.76,726,6.76,91.7177010897518,676
14827,D.C.III: Da Capo III,"Drama, Ecchi, Romance, School",TV,13,6.76,16219,6.76,97.4589388971758,676
1706,Gun Frontier,"Action, Adventure, Drama, Historical, Sci-Fi, Seinen",TV,13,6.75,4732,6.75,93.7685395382321,675
421,Stratos 4,"Comedy, Military, Sci-Fi, Shounen",TV,13,6.75,6909,6.75,96.7470293677838,675
1019,Honoo no Mirage,"Action, Drama, Historical, Romance, School, Shounen Ai, Supernatural",TV,13,6.74,12835,6.74,93.942010221872,674
4720,White Album,"Drama, Harem, Music, Romance",TV,13,6.74,54376,6.74,94.418922767068,674
406,Buzzer Beater,"Shounen, Sports",TV,13,6.73,8439,6.73,94.3299941717693,673
635,Juubee-chan: Lovely Gantai no Himitsu,"Action, Adventure, Comedy, Drama, Shounen",TV,13,6.73,11531,6.73,96.47038947684,673
497,Yami to Boushi to Hon no Tabibito,"Adventure, Ecchi, Fantasy, Magic, Mystery, Shoujo Ai",TV,13,6.73,19237,6.73,93.3213422572477,673
446,Weiß Kreuz Glühen,"Action, Drama, Shounen",TV,13,6.72,7043,6.72,98.1795378251654,672
370,Burn Up Excess,"Action, Adventure, Comedy, Ecchi, Police, Sci-Fi, Shounen",TV,13,6.71,6402,6.71,91.4433565011275,671
32011,Hakuouki: Otogisoushi,"Fantasy, Historical, Josei, Samurai",TV,13,6.71,2791,6.71,92.3375877822807,671
10308,Sengoku Otome: Momoiro Paradox,"Action, Comedy, Historical, Samurai, Sci-Fi, Super Power",TV,13,6.71,27080,6.71,92.6474762793638,671
916,Tokkou,"Action, Comedy, Horror, Mystery, Police, Supernatural",TV,13,6.71,30836,6.71,94.692366565996,671
472,To Heart,"Drama, Harem, Romance, School, Slice of Life",TV,13,6.7,16757,6.7,96.0879590850228,670
119,Final Approach,"Comedy, Drama, Romance, Slice of Life",TV,13,6.69,24902,6.69,94.1918169381525,669
7103,Miracle☆Train: Oedo-sen e Youkoso,"Fantasy, Shoujo",TV,13,6.69,13898,6.69,87.97399288604,669
31716,Rewrite,"Action, Comedy, Romance, School, Supernatural",TV,13,6.69,71545,6.69,94.0641152881401,669
289,Comic Party,"Comedy, Drama",TV,13,6.68,12988,6.68,94.2538059430355,668
706,Comic Party Revolution,"Comedy, Drama",TV,13,6.68,6690,6.68,94.8231259368445,668
1676,Cosmo Warrior Zero,"Action, Adventure, Military, Sci-Fi, Space",TV,13,6.68,2613,6.68,90.4494756229408,668
5957,Nyoro-n Churuya-san,Comedy,ONA,13,6.68,21340,6.68,92.289503450205,668
5276,Happy Happy Clover,"Comedy, Fantasy, Kids, Shoujo",TV,13,6.67,623,6.67,95.0539615171748,667
10187,HenSemi (TV),"Comedy, Ecchi, Seinen",TV,13,6.66,27878,6.66,96.5152415207996,666
27741,Shounen Hollywood: Holly Stage for 50,"Music, Shoujo, Slice of Life",TV,13,6.66,3800,6.66,84.1657680599175,666
31560,Miss Monochrome: The Animation 3,"Comedy, Music, Slice of Life",TV,13,6.66,7905,6.66,93.3650215752193,666
471,To Heart 2,"Comedy, Drama, Harem, Romance, School, Slice of Life",TV,13,6.65,13877,6.65,94.104666721309,665
2699,Uchuu Kaizoku Mito no Daibouken,"Action, Comedy, Sci-Fi",TV,13,6.65,1009,6.65,92.5868937228685,665
17092,Dallyeola Hani,Sports,TV,13,6.64,209,6.64,92.724806310939,664
17705,DD Hokuto no Ken (2013),"Parody, Seinen",TV,13,6.64,1805,6.64,91.1923397398097,664
125,Futakoi,"Comedy, Romance, School",TV,13,6.64,23968,6.64,94.9426603873506,664
783,Miami Guns,"Comedy, Ecchi, Police, Shounen",TV,13,6.64,2765,6.64,94.235505075839,664
2031,Shining Tears X Wind,"Action, Adventure, Fantasy, Magic",TV,13,6.64,23477,6.64,90.4800656379681,664
10671,Morita-san wa Mukuchi.,"Comedy, School, Slice of Life",TV,13,6.63,15046,6.63,92.0691830133738,663
612,PetoPeto-san,"Comedy, Fantasy, Romance, School",TV,13,6.63,3956,6.63,88.7370014519928,663
2552,Tetsuko no Tabi,"Comedy, Seinen, Slice of Life",TV,13,6.63,1292,6.63,90.2789577799065,663
257,Ikkitousen,"Ecchi, Martial Arts, School, Super Power",TV,13,6.62,88969,6.62,94.1111416660625,662
799,Kokoro Toshokan,"Comedy, Drama, Slice of Life",TV,13,6.62,3748,6.62,95.6528759692074,662
16347,Usavich V,Comedy,TV,13,6.62,985,6.62,90.9152063265575,662
30384,Miss Monochrome: The Animation 2,"Comedy, Music, Slice of Life",TV,13,6.61,12064,6.61,96.5987070905612,661
23787,Hi☆sCoool! SeHa Girls,"Comedy, Game",TV,13,6.6,7440,6.6,91.5668684449689,660
10810,Pucca (2008),"Action, Comedy, Parody, Romance",TV,13,6.6,2173,6.6,92.0847179331964,660
17821,Stella Jogakuin Koutou-ka C³-bu,"Military, School, Sports",TV,13,6.6,36235,6.6,92.6572168861587,660
105,Boys Be...,"Comedy, Romance, Shounen, Slice of Life",TV,13,6.59,15026,6.59,94.5196613605174,659
30721,Hacka Doll The Animation,"Comedy, Sci-Fi",TV,13,6.59,19502,6.59,93.7592720759277,659
23121,Jinsei,"Comedy, School, Slice of Life",TV,13,6.59,40413,6.59,93.2766798638824,659
171,Strange Dawn,"Adventure, Drama, Fantasy",TV,13,6.59,1865,6.59,92.718720936539,659
1988,Himawari!!,"Comedy, Romance",TV,13,6.58,7275,6.58,89.1000378469408,658
19685,Kanojo ga Flag wo Oraretara,"Comedy, Harem, Romance, School",TV,13,6.58,74634,6.58,92.8635050541968,658
1600,Galaxy Angel Rune,"Comedy, Sci-Fi",TV,13,6.57,3551,6.57,91.9568485460559,657
20539,Nameko-ke no Ichizoku,"Comedy, Slice of Life",OVA,13,6.57,439,6.57,96.3569406446663,657
685,To Heart: Remember My Memories,"Drama, Harem, Romance, School, Sci-Fi, Slice of Life",TV,13,6.57,5752,6.57,92.1697009508688,657
9479,Coppelion,"Action, Sci-Fi, Seinen",TV,13,6.56,76291,6.56,93.3454315006533,656
348,Binzume Yousei,"Comedy, Fantasy, Magic, Slice of Life",TV,13,6.55,12852,6.55,90.3512117253937,655
3535,Neko Ramen,Comedy,ONA,13,6.55,2059,6.55,92.0782565600053,655
817,Tactical Roar,"Comedy, Military, Romance, Sci-Fi",TV,13,6.55,6479,6.55,88.6915016780591,655
336,Ginyuu Mokushiroku Meine Liebe,"Fantasy, Shoujo",TV,13,6.54,9540,6.54,94.729188921731,654
30524,Kagewani,"Horror, Mystery, Supernatural, Thriller",TV,13,6.54,19225,6.54,91.3465198143256,654
32682,Kagewani: Shou,"Horror, Mystery, Supernatural, Thriller",TV,13,6.54,11052,6.54,86.7814624286936,654
9799,Shin-Men,"Action, Comedy, Kids",TV,13,6.54,479,6.54,94.2566696597367,654
22537,Yami Shibai 2nd Season,"Dementia, Horror, Supernatural",TV,13,6.54,17379,6.54,95.6741110265309,654
17651,Genei wo Kakeru Taiyou,Magic,TV,13,6.53,33528,6.53,86.6199883541714,653
1083,Human Crossing,"Drama, Slice of Life, Sports",TV,13,6.53,1739,6.53,96.7557416363765,653
576,Magikano,"Comedy, Fantasy, Harem, Magic, Romance, Shounen",TV,13,6.53,22664,6.53,92.1302844148196,653
20033,Miss Monochrome: The Animation,"Comedy, Music, Slice of Life",TV,13,6.53,30403,6.53,92.8848183877012,653
9737,Appleseed XIII,"Action, Mecha, Military, Police, Sci-Fi",OVA,13,6.52,9336,6.52,89.5689358659115,652
14693,Yurumates 3D Plus,"Comedy, Seinen, Slice of Life",TV,13,6.52,3276,6.52,90.5492925892529,652
833,Choujuushin Gravion,"Action, Comedy, Mecha, Sci-Fi, Shounen",TV,13,6.5,8364,6.5,90.3300131090229,650
1048,The SoulTaker: Tamashii-gari,"Demons, Horror, Supernatural",TV,13,6.5,15796,6.5,88.1906185538813,650
909,Geneshaft,"Adventure, Mecha, Sci-Fi, Space",TV,13,6.49,8643,6.49,91.9817963283364,649
1193,Happy Seven: The TV Manga,"Comedy, Fantasy",TV,13,6.49,3287,6.49,93.0577567516624,649
1849,Haou Taikei Ryuu Knight: Adeu Legend,"Action, Adventure, Fantasy, Mecha",OVA,13,6.48,617,6.48,88.414930105548,648
2153,Saint Beast: Kouin Jojishi Tenshi Tan,Fantasy,TV,13,6.48,4707,6.48,94.3053476474988,648
10802,MonHun Nikki Girigiri Airou Mura G,"Action, Comedy",TV,13,6.46,311,6.46,93.5320604196714,646
10306,Umi Monogatari: Kanon to Iku Amamikoshima,Comedy,Special,13,6.46,1087,6.46,93.2480278580191,646
6107,Aru Hibi no CLAMP Gakuen Tanteidan,Comedy,Special,13,6.45,685,6.45,88.9205461596488,645
910,Himawari!,"Adventure, Comedy, Martial Arts",TV,13,6.45,15549,6.45,95.7772088493961,645
470,Okusama wa Joshikousei (TV),"Comedy, Drama, Romance, Slice of Life",TV,13,6.45,14010,6.45,93.105216967061,645
295,Divergence Eve 2: Misaki Chronicles,"Adventure, Drama, Mecha, Military, Sci-Fi, Space",TV,13,6.43,4790,6.43,94.6030233840285,643
614,Okusama wa Mahou Shoujo,"Magic, Romance",TV,13,6.43,5098,6.43,85.0760321029316,643
349,Magical Canan,"Drama, Fantasy, Magic, Supernatural",TV,13,6.42,2942,6.42,88.1534352723501,642
17681,Zettai Bouei Leviathan,"Comedy, Fantasy, Magic",TV,13,6.42,18202,6.42,90.9330713409221,642
1713,Submarine Super 99,"Action, Adventure, Military, Sci-Fi, Shounen",TV,13,6.41,684,6.41,92.1247305491158,641
3768,Play Ball,"Action, Shounen, Sports",TV,13,6.4,413,6.4,86.9151853528194,640
30751,Usavich Zero,Comedy,TV,13,6.4,619,6.4,94.1056664405116,640
12123,Yurumates 3D,"Comedy, Seinen, Slice of Life",TV,13,6.39,5678,6.39,90.7632293369802,639
301,Cinderella Boy,"Action, Adventure, Comedy, Mystery",TV,13,6.38,3246,6.38,90.2346991526128,638
2700,Uchuu Kaizoku Mito no Daibouken: Futari no Joou-sama,"Action, Comedy, Sci-Fi",TV,13,6.38,585,6.38,87.8834072993248,638
9935,Chocolat no Mahou,"Drama, Magic, Shoujo, Supernatural",OVA,13,6.37,3800,6.37,86.5202351058541,637
835,Sister Princess: Re Pure,"Drama, Romance",TV,13,6.37,5782,6.37,92.581550217257,637
2155,Kono Aozora ni Yakusoku wo: Youkoso Tsugumi Ryou e,"Harem, Romance, School",TV,13,6.36,12622,6.36,91.7418080138244,636
18413,Puchitto Gargantia,"Mecha, Sci-Fi",ONA,13,6.36,7170,6.36,88.1301107771707,636
577,Kagihime Monogatari Eikyuu Alice Rinbukyoku,"Fantasy, Magic",TV,13,6.35,5623,6.35,84.9901808926119,635
4024,Sanrio Anime Sekai Meisaku Gekijou,"Adventure, Fantasy, Kids",TV,13,6.35,611,6.35,87.208005418518,635
511,Kidou Shinsengumi Moeyo Ken TV,"Adventure, Comedy, Fantasy, Historical",TV,13,6.33,3424,6.33,85.1367017436759,633
16397,Photokano,"Ecchi, Romance, School",TV,13,6.33,53319,6.33,87.5063541951829,633
445,Tales of Eternia The Animation,"Adventure, Comedy, Fantasy, Romance, Shounen",TV,13,6.32,11582,6.32,84.5095816576232,632
1628,Maou Dante,"Action, Demons, Horror, Shounen, Supernatural",TV,13,6.31,3907,6.31,90.7446117836434,631
309,Akahori Gedou Hour Rabuge,"Comedy, Magic, Parody",TV,13,6.3,3271,6.3,87.594522267237,630
346,W: Wish,"Drama, Harem, Romance, School, Slice of Life",TV,13,6.3,10523,6.3,90.2165835678862,630
7939,Animation!,"Adventure, Comedy, Dementia, Fantasy, Music, Mystery",OVA,13,6.28,407,6.28,80.6768925081366,628
3962,Chocolate Underground,"Comedy, Kids",ONA,13,6.28,9351,6.28,88.5881454093466,628
1139,Monkey Magic,"Adventure, Fantasy, Kids",TV,13,6.28,356,6.28,82.2933201300307,628
838,Narutaru: Mukuro Naru Hoshi Tama Taru Ko,"Drama, Seinen, Thriller",TV,13,6.28,18031,6.28,89.0038921596967,628
14519,Neko Ramen: Ore no Shouyu Aji,Comedy,ONA,13,6.28,256,6.28,89.5173468997768,628
648,Tsuki wa Higashi ni Hi wa Nishi ni: Operation Sanctuary,"Comedy, Drama, Harem, Romance, Sci-Fi",TV,13,6.27,5200,6.27,85.0208185302351,627
1224,Aquarian Age: Sign for Evolution,"Action, Adventure, Fantasy, Music, Romance, Sci-Fi, Shounen, Super Power, Supernatural",TV,13,6.25,9268,6.25,87.8423919545074,625
22547,Blade &amp; Soul,"Action, Adventure, Fantasy, Martial Arts",TV,13,6.25,72692,6.25,85.197870279361,625
24835,Mobile Suit Gundam-san,"Comedy, Mecha, Parody",TV,13,6.25,3598,6.25,90.8944878028945,625
31994,Yami Shibai 3rd Season,"Dementia, Horror, Supernatural",TV,13,6.25,10557,6.25,91.0438075962455,625
4616,Yumemiru Topo Gigio,"Adventure, Comedy, Kids",TV,13,6.23,429,6.23,93.0630392305647,623
17727,Haitai Nanafa 2nd Season,"Comedy, Supernatural",TV,13,6.22,1915,6.22,85.759778609565,622
1175,Metal Fighter Miku,"Comedy, Sci-Fi, Shounen, Sports",TV,13,6.2,1377,6.2,90.1028551861281,620
15043,Haitai Nanafa,"Comedy, Supernatural",TV,13,6.18,5907,6.18,88.2727121985195,618
5923,Utsunomiko: Heaven Chapter,"Adventure, Demons, Fantasy",OVA,13,6.18,333,6.18,90.0260710718171,618
2781,Saint Luminous Jogakuin,"Mystery, Psychological, Supernatural",TV,13,6.17,1701,6.17,84.5876134360103,617
14367,Tenshi na Konamaiki Specials,Shounen,Special,13,6.18,504,6.18,89.4611582795985,618
30851,Q Transformers: Saranaru Ninki Mono e no Michi,"Mecha, Parody, Slice of Life",TV,13,6.15,210,6.15,88.3096250772969,615
23151,Shounen Hollywood: Holly Stage for 49,"Music, Shoujo, Slice of Life",TV,13,6.15,10776,6.15,86.2925430853235,615
1097,Lime-iro Senkitan,"Drama, Ecchi, Harem, Historical, Mecha, Supernatural",TV,13,6.14,6176,6.14,92.7349750871328,614
546,Wind: A Breath of Heart (TV),"Drama, Romance, School, Supernatural",TV,13,6.14,7778,6.14,86.6093954406905,614
8130,Mighty Orbots,"Adventure, Comedy, Mecha, Sci-Fi",TV,13,6.13,210,6.13,86.4214422871199,613
19397,Zettai Bouei Leviathan: Mini Takibi Gekijou,"Comedy, Fantasy, Magic",Special,13,6.09,1203,6.09,86.3137199340863,609
294,Divergence Eve,"Adventure, Comedy, Drama, Mecha, Military, Sci-Fi, Space",TV,13,6.08,7833,6.08,82.1409383951413,608
14045,Mangirl!,"Comedy, Slice of Life",TV,13,6.05,19015,6.05,86.0259726906487,605
1912,Marginal Prince: Gekkeiju no Ouji-tachi,"Romance, School, Shounen Ai",TV,13,6.06,7962,6.06,86.377563865102,606
1711,Ryuusei Sentai Musumet,"Adventure, Comedy, Ecchi, Romance, Sci-Fi",TV,13,6.06,1331,6.06,83.6082411530747,606
1226,Seihou Tenshi Angel Links,"Action, Adventure, Comedy, Drama, Romance, Sci-Fi, Space",TV,13,6.06,4817,6.06,76.9445598201751,606
1098,Samurai Girl Real Bout High School,"Adventure, Comedy, Fantasy, Shounen",TV,13,6.05,6689,6.05,80.7005085498148,605
32961,Regalia: The Three Sacred Stars,"Action, Mecha, Sci-Fi",TV,13,6.03,16766,6.03,82.7341159020448,603
22835,Himegoto,"Comedy, School",TV,13,6.03,42129,6.03,83.0599574878747,603
56,Avenger,"Adventure, Fantasy, Sci-Fi, Shounen",TV,13,6.02,12286,6.02,83.3947598722357,602
1623,G-On Riders,"Action, Comedy, School, Sci-Fi",TV,13,6.02,2606,6.02,86.9561778706527,602
8241,Rio: Rainbow Gate!,"Comedy, Ecchi, Game",TV,13,6,22396,6,77.1109418850825,600
5501,Gun x Sword-san,"Action, Dementia, Parody",Special,13,5.99,2168,5.99,80.1683760836987,599
510,Kakyuusei 2: Hitomi no Naka no Shoujo-tachi,"Comedy, Drama, Harem, Romance, School",TV,13,5.99,3334,5.99,81.8451965278596,599
3235,Magma Taishi,"Action, Sci-Fi, Shounen, Space, Super Power",OVA,13,5.98,421,5.98,86.1610728203828,598
668,Koi Koi 7,"Comedy, Harem, Romance",TV,13,5.96,10399,5.96,79.5394463801284,596
20557,11eyes Picture Drama,Comedy,Special,13,5.95,2505,5.95,81.5939316138715,595
23213,Kantoku Fuyuki Todoki,"Comedy, Josei, Slice of Life",TV,13,5.94,4037,5.94,79.7779232721249,594
23229,Meshimase Lodoss-tou Senki: Sorette Oishii no?,Comedy,TV,13,5.94,1187,5.94,84.7773889811515,594
27757,Anisava,"Comedy, Romance, Slice of Life",TV,13,5.93,176,5.93,80.1386533242126,593
31143,Onsen Yousei Hakone-chan,"Comedy, Seinen, Slice of Life",TV,13,5.92,18498,5.92,87.0851666559395,592
786,Pugyuru,"Comedy, Fantasy, School",TV,13,5.92,2513,5.92,90.6933659997726,592
1664,Babel Nisei (2001),"Action, Adventure, Mystery, Sci-Fi, Shounen, Supernatural",TV,13,5.91,1502,5.91,81.5811581921235,591
2308,Lime-iro Ryuukitan X,"Drama, Ecchi, Harem, Historical, Mecha, Supernatural",TV,13,5.89,2009,5.89,85.6061772583782,589
1712,Shin Seiki Den Mars,"Mecha, Sci-Fi, Shounen",TV,13,5.88,556,5.88,81.9048434654861,588
16169,Choboraunyopomi Gekijou Ai Mai Mii,"Comedy, Slice of Life",TV,13,5.83,16846,5.83,85.4301426970949,583
21427,Minna Atsumare! Falcom Gakuen,"Comedy, Parody, School, Seinen",TV,13,5.83,3175,5.83,83.7102387705741,583
33274,Onara Gorou,Comedy,TV,13,5.82,5117,5.82,79.448379372437,582
1442,Alexander Senki,"Action, Adventure, Fantasy, Historical, Sci-Fi, Supernatural",TV,13,5.81,4014,5.81,76.4338603759661,581
32595,Seisen Cerberus: Ryuukoku no Fatalités,"Adventure, Fantasy",TV,13,5.8,49394,5.8,78.6561470340554,580
28401,Q Transformers: Kaette Kita Convoy no Nazo,"Mecha, Parody, Slice of Life",TV,13,5.72,404,5.72,77.4506875889748,572
1745,Wild 7 Another Bouryaku Unga,"Action, Adventure, Police, Shounen",TV,13,5.72,339,5.72,80.164048134646,572
1667,Barom One,"Action, Sci-Fi, Shounen, Supernatural",TV,13,5.67,772,5.67,83.1063181311304,567
1708,Majuu Sensen: The Apocalypse,"Action, Fantasy",TV,13,5.67,747,5.67,77.3111318230635,567
31498,Pan de Peace!,"Comedy, School, Slice of Life",TV,13,5.63,18420,5.63,76.8590782226812,563
23079,Glasslip,"Romance, Slice of Life, Supernatural",TV,13,5.54,94108,5.54,79.0438033675261,554
2521,Haja Kyosei G Dangaiou,"Action, Mecha, Sci-Fi",TV,13,5.52,1377,5.52,79.1632581346746,552
32606,Onigiri,"Comedy, Fantasy, Supernatural",TV,13,5.47,15364,5.47,82.2951603479511,547
1705,Genma Taisen: Shinwa Zenya no Shou,"Adventure, Drama, Horror, Sci-Fi, Shounen, Supernatural",TV,13,5.41,798,5.41,80.6552844230139,541
30947,Kurayami Santa,"Historical, Supernatural",TV,13,5.36,1715,5.36,74.2561056676205,536
30948,Kowabon,Horror,TV,13,5.33,21026,5.33,74.3382082392811,533
27785,Doamaiger D,"Action, Comedy, Mecha",TV,13,5.34,929,5.34,74.9955137647838,534
2362,Run=Dim,"Action, Mecha, Sci-Fi",TV,13,5.32,1017,5.32,78.1528551599634,532
33871,Estima: Sense of Wonder,"Comedy, Historical, Sci-Fi",ONA,13,5.24,127,5.24,73.4894579404308,524
33975,3-Nen D-Gumi Glass no Kamen,"Comedy, Parody, School",TV,13,5.06,836,5.06,75.953852628653,506
29865,BAR Kiraware Yasai,Comedy,TV,13,5.04,1785,5.04,70.6775654938846,504
31633,Sushi Police,"Comedy, Police",TV,13,4.8,9096,4.8,66.0321226137589,480
32906,Bishoujo Yuugi Unit Crane Game Girls,"Comedy, Game, Space",TV,13,4.54,4673,4.54,63.2155101912154,454
16696,2020 Nyeon Ujuui Wonder Kiddy,"Sci-Fi, Space",TV,13,5.89,179,5.89,86.5545734328385,589
9433,A-jang.com,Fantasy,TV,13,5.57,252,5.57,69.790698187962,557
29836,Akuei to Gacchinpo,"Comedy, Kids",TV,13,4.57,83,4.57,63.6469626253164,457
29743,Buonomo,Slice of Life,ONA,13,6,48,6,87.446977433282,600
29742,Butazuka,Slice of Life,ONA,13,5.2,44,5.2,76.8539430547809,520
17893,Cheonbangjichuk Hani,"Comedy, Drama, School, Sports",TV,13,6.78,149,6.78,93.8708719486897,678
21433,Chou Zenmairobo: Patrasche,"Comedy, Historical, Mecha, Parody, Sci-Fi",TV,13,4.52,178,4.52,66.2633417607962,452
33661,Crayon Shin-chan Gaiden: Alien vs. Shinnosuke,"Comedy, Ecchi, Kids, Sci-Fi, Space",ONA,13,6.83,429,6.83,93.2659181813544,683
30034,Dolittle-sensei Monogatari,"Adventure, Kids",TV,13,6.5,57,6.5,91.450437095037,650
31555,Doushitemo Eto ni Hairitai,Comedy,TV,13,6.79,155,6.79,92.4382398172553,679
3243,Elec-king The Animation,Comedy,TV,13,6.55,96,6.55,91.8610397809801,655
30173,Fruity Samurai,"Action, Comedy, Historical, Samurai",TV,13,5.52,134,5.52,77.9222057844527,552
10533,Fujilog,Comedy,TV,13,5.75,275,5.75,80.4501064500257,575
10997,Fujilog 2nd Season,Comedy,TV,13,5.72,165,5.72,82.5493255302579,572
5594,Fuusen no Doratarou,Kids,TV,13,5.95,112,5.95,81.8525974757167,595
8897,Ganbare! Marine Kid,"Action, Adventure, Kids, Sci-Fi",TV,13,5.65,139,5.65,81.1912542348092,565
10623,Hayan Ma-eum Baeggu,Adventure,TV,13,7.06,359,7.06,102.030089668119,706
11521,Hello Kitty: Ringo no Mori no Fantasy,"Comedy, Fantasy, Kids",TV,13,5.84,201,5.84,85.957541080609,584
22439,Hello Kitty: Ringo no Mori no Mystery,"Comedy, Kids, Mystery",TV,13,5.94,110,5.94,85.5905743059441,594
21549,Hitotsuboshi-ke no Ultra Baasan,"Comedy, Slice of Life",TV,13,4.88,85,4.88,71.2247645781906,488
9950,Hulu Xiongdi,"Action, Super Power",TV,13,7.4,170,7.4,107.410806492897,740
9518,Ichigo Ichie: Kimi no Kotoba,Comedy,TV,13,6.9,274,6.9,99.3736123883733,690
3164,Ichigo Ichie: Koibana Tomobana,Comedy,TV,13,7.1,260,7.1,101.991833630788,710
11421,Iruka to Shounen,"Adventure, Kids",TV,13,5.04,118,5.04,67.8831987168657,504
30777,Kaijuu Sakaba Kanpai!,"Comedy, Supernatural",TV,13,4.9,262,4.9,65.2705472562138,490
32197,Kaijuu Sakaba Kanpai! Specials,Comedy,Special,13,4.6,48,4.6,61.6491306242279,460
8353,Ketsuinu,Comedy,TV,13,5.04,270,5.04,69.6420482520691,504
6012,Kinpatsu no Jeanie,"Drama, Historical",TV,13,6.53,275,6.53,90.5414431685462,653
30048,Kkurukkuruwa Chingudeul,"Adventure, Comedy, Kids, Slice of Life",TV,13,4.2,55,4.2,56.174957351027,420
6206,La Vilaine LuLu,Comedy,Special,13,4.5,108,4.5,63.1653733811541,450
29003,Lena lena,Slice of Life,TV,13,5.33,69,5.33,71.2311928640897,533
30057,Mabeobsaui Adeul Koli,"Adventure, Comedy, Fantasy",TV,13,4.2,44,4.2,58.6454668815485,420
11525,Mamimume★Mogacho,Kids,TV,13,6.55,95,6.55,90.4719593606645,655
22893,Mon Cheri CoCo,"Romance, Shoujo",TV,13,6.71,137,6.71,89.2589921886196,671
31361,Neko Enikki,"Comedy, Slice of Life",TV,13,6.67,133,6.67,91.6444221917926,667
21491,Ninjaman Ippei,"Action, Comedy, School, Slice of Life",TV,13,6.56,75,6.56,94.2177532449418,656
8777,Nobara no Julie,"Adventure, Drama, Historical, Music",TV,13,5.96,190,5.96,85.2104699735284,596
5089,Noramimi 2,Comedy,TV,13,6.48,156,6.48,89.5559239256677,648
30144,Nyuru Nyuru!! Kakusen-kun 2nd Season,Comedy,TV,13,5.1,152,5.1,69.1156538324461,510
34358,Ocha-ken: Hotto Monogatari,"Kids, Slice of Life",TV,13,6.67,29,6.67,93.0090080522702,667
34363,Ocha-ken: Ryokutto Monogatari,"Kids, Slice of Life",TV,13,8,20,8,115.594094538704,800
3879,Paris no Isabelle,"Drama, Historical",TV,13,6.19,216,6.19,88.0149006924063,619
30386,Pikaia!,"Drama, Kids, Slice of Life",TV,13,5.8,483,5.8,81.1409600592671,580
3769,Play Ball 2nd,"Action, Shounen, Sports",TV,13,6.56,198,6.56,96.5371532389581,656
27461,Pororo&#039;s English Show,"Kids, Music",TV,13,5.31,53,5.31,74.0112096935868,531
9536,Robin-kun to 100 nin no Otomodachi,"Comedy, Kids",ONA,13,5.22,163,5.22,71.9284664106427,522
15069,Robin-kun to 100 nin no Otomodachi Season 2,Kids,TV,13,5.17,73,5.17,74.2110793832207,517
27681,Sasurai-kun,"Comedy, Slice of Life",TV,13,6,57,6,84.1403982652797,600
33194,Shi Wan Ge Leng Xiaohua 2nd Season,"Comedy, Parody",ONA,13,6.33,77,6.33,88.1893367748414,633
22313,Shinken Densetsu: Tight Road,"Action, Martial Arts",TV,13,5.67,103,5.67,77.5033026040739,567
29741,Shitamachi Alien PapiPipiPupi,Sci-Fi,ONA,13,7,43,7,97.3656350093427,700
4553,Sukima no Kuni no Polta,Fantasy,TV,13,5.67,217,5.67,79.0125985525401,567
10242,Ton-Ton Atta to Niigata no Mukashibanashi,Comedy,TV,13,6.54,63,6.54,93.4467622944192,654
34078,Ukkari Pénélope (2013),"Kids, Slice of Life",TV,13,7,32,7,97.8529658528544,700
6658,Unko-san: Tsuiteru Hito ni Shika Mienai Yousei,"Comedy, Magic",TV,13,3.25,300,3.25,46.8213673857604,325
33085,Unko-san: Tsuiteru Hito ni Shika Mienai Yousei Junjou Ha,"Comedy, Magic",TV,13,6.2,52,6.2,83.4534085766732,620
21713,Usagi no Mofy,Kids,ONA,13,5.36,72,5.36,71.0643973065237,536
30131,Uwabaki Cook,Kids,TV,13,4.57,67,4.57,66.8813659625327,457
28201,Yeonghongibyeong Lazenca,"Action, Adventure, Mecha, Sci-Fi",TV,13,5.45,93,5.45,75.7622195926765,545
25589,Yeongsimi,"Comedy, Kids, School, Slice of Life",TV,13,6.5,53,6.5,93.0611671809527,650
33764,Ying Xiong Bie Nao,"Action, Fantasy",ONA,13,7.25,61,7.25,104.569398268197,725
31838,Ze Tian Ji,"Action, Adventure, Fantasy",ONA,13,6.8,180,6.8,97.0287423001493,680
5234,Zettai Yareru Greece Shinwa,"Comedy, Ecchi",TV,13,6.22,284,6.22,84.6922354850998,622
33983,Onihei,"Historical, Seinen",TV,13,,1716,,,
