anime_id,name,genre,type,episodes,rating,members,rating_10,rating_100,rating_1000
9513,Beelzebub,"Action, Comedy, Demons, School, Shounen, Supernatural",TV,60,8.04,217752,8.04,114.26530214994,804
3295,Yatterman,"Adventure, Comedy, Parody",TV,60,6.68,2169,6.68,94.2877932308206,668
31121,Monster Musume no Iru Nichijou: Hobo Mainichi ◯◯! Namappoi Douga,"Comedy, Slice of Life",ONA,60,6.59,13801,6.59,94.0370217143267,659
13159,Kuromajo-san ga Tooru!!,"Comedy, Magic, School, Slice of Life",TV,60,6.54,5677,6.54,94.058982376011,654
22247,Azumi Mamma★Mia,"Comedy, Kids",TV,60,5.6,101,5.6,80.9276624322528,560
29745,Korokoro Animal,Kids,TV,60,6,43,6,87.4297930502975,600
7681,Kyouryuu Wakusei,"Adventure, Fantasy, Historical, Sci-Fi",TV,60,6.5,138,6.5,85.2722546087774,650
20233,Tonari no Tamageta-kun,"Comedy, Sci-Fi",TV,60,6.33,95,6.33,89.7669842469455,633
