anime_id,name,genre,type,episodes,rating,members,rating_10,rating_100,rating_1000
1000,Uchuu Kaizoku Captain Harlock,"Action, Adventure, Drama, Sci-Fi, Seinen, Space",TV,42,7.87,14869,7.87,109.168190221285,787
1548,Shin Taketori Monogatari: 1000-nen Joou,"Drama, Mystery, Sci-Fi",TV,42,7.45,1805,7.45,105.400139733195,745
238,Rekka no Honoo,"Action, Adventure, Martial Arts, Shounen, Super Power",TV,42,7.44,35258,7.44,104.88225399651,744
3335,Haikara-san ga Tooru,"Drama, Historical, Romance, Shoujo, Slice of Life",TV,42,7.39,1155,7.39,101.212962843218,739
2221,Aishite Knight,"Comedy, Romance, Shoujo",TV,42,6.75,3746,6.75,95.0322008137555,675
2503,Nangoku Shounen Papuwa-kun,"Adventure, Comedy, Shounen",TV,42,6.56,407,6.56,93.5080617625502,656
8194,Akuma-kun,"Adventure, Fantasy, Horror, Magic, Supernatural",TV,42,6.46,382,6.46,81.7244731999772,646
24465,Heli-Tako Puu-chan,"Comedy, Kids",TV,42,6.86,61,6.86,96.2644929488018,686
6730,Tonde Mon Pe,Kids,TV,42,6.94,120,6.94,104.701234218979,694
