anime_id,name,genre,type,episodes,rating,members,rating_10,rating_100,rating_1000
5189,Chou Tokkyuu Hikarian,"Action, Adventure, Kids",TV,156,6.66,337,6.66,91.7653895243892,666
8182,Bouken Shounen Shadar,"Adventure, Horror",TV,156,6.65,184,6.65,97.9732337859166,665
9070,Oden-kun,Comedy,TV,156,7.36,118,7.36,98.9459618645029,736
23011,Otoko Doahou! Koushien,"Action, Sports",TV,156,6.6,86,6.6,99.4440103358423,660
17467,Otoko Ippiki Gaki Daishou,"Action, Drama, Shounen",TV,156,7.2,158,7.2,98.5801706087245,720
20005,Pinch to Punch,Comedy,TV,156,5.71,66,5.71,78.551536802205,571
4598,Urikupen Kyuujo-tai,"Adventure, Comedy, Kids",TV,156,5.78,141,5.78,76.5857835807348,578
