anime_id,name,genre,type,episodes,rating,members,rating_10,rating_100,rating_1000
232,Cardcaptor Sakura,"Adventure, Comedy, Drama, Fantasy, Magic, Romance, School, Shoujo",TV,70,8.18,181249,8.18,117.090514975932,818
4651,Yume no Crayon Oukoku,"Adventure, Comedy, Fantasy, Shoujo",TV,70,7.12,686,7.12,97.942455161725,712
17667,Harisu no Kaze,"Comedy, School",TV,70,6.44,98,6.44,92.7486847015621,644
7980,Shin Obake no Q-tarou,"Comedy, School, Slice of Life, Supernatural",TV,70,5.78,124,5.78,72.8729102355539,578
