anime_id,name,genre,type,episodes,rating,members,rating_10,rating_100,rating_1000
19,Monster,"Drama, Horror, Mystery, Police, Psychological, Seinen, Thriller",TV,74,8.72,247562,8.72,122.958723339779,872
1985,UFO Robo Grendizer,"Mecha, Sci-Fi, Shounen",TV,74,7.66,4381,7.66,110.16184074636,766
103,Akazukin Chacha,"Adventure, Comedy, Fantasy, Magic, Romance, Shoujo",TV,74,7.48,7581,7.48,104.32451886591,748
21073,Puchimas!!: Petit Petit iDOLM@STER,"Comedy, Slice of Life",ONA,74,7.35,5359,7.35,104.392085287972,735
2736,Mojakou,"Comedy, Fantasy, Sci-Fi",TV,74,7.34,1218,7.34,98.7546663067362,734
3312,Dr. Slump,"Comedy, Sci-Fi, Shounen, Slice of Life",TV,74,7.11,8735,7.11,97.6417240323698,711
