anime_id,name,genre,type,episodes,rating,members,rating_10,rating_100,rating_1000
170,Slam Dunk,"Comedy, Drama, School, Shounen, Sports",TV,101,8.56,82570,8.56,125.880216541097,856
1065,Touch,"Drama, Romance, School, Shounen, Slice of Life, Sports",TV,101,8.16,12833,8.16,115.403824807338,816
8195,Guru Guru Town Hanamaru-kun,Kids,TV,101,6.53,157,6.53,88.7282293153862,653
18937,Hakken Taiken Daisuki! Shimajirou,"Adventure, Comedy, Fantasy, Kids, Magic",TV,101,6.85,120,6.85,96.7836456431702,685
18939,Shimajirou Hesoka,"Adventure, Comedy, Fantasy, Kids, Magic",TV,101,6.6,87,6.6,88.6151963384206,660
